image,method,k,energy,psnr,rel_change,time_ms
cameraman,GD,0,927.7778453,20.41011896,0,0
cameraman,GD,1,812.2601193,24.01836344,0.1704572193,2.9232
cameraman,GD,2,621.3523341,24.83543246,0.1164443892,7.0827
cameraman,GD,3,586.4663265,25.56370752,0.08702223712,10.655
cameraman,GD,4,447.4949569,26.33772702,0.04988437741,14.8018
cameraman,GD,5,430.9496136,26.64821609,0.03031250164,18.1854
cameraman,GD,6,398.0186549,26.81610602,0.01790600336,22.5566
cameraman,GD,7,392.1750798,26.89080001,0.01272341744,26.9009
cameraman,GD,8,379.8472387,26.93933668,0.007327968444,30.8923
cameraman,GD,9,376.4911341,26.96526317,0.004915261003,34.5091
cameraman,GD,10,372.8129051,26.97872817,0.002692439287,38.9515
cameraman,GD,11,371.3235,26.98798929,0.001854196122,44.1916
cameraman,GD,12,370.8502013,26.99618936,0.001936848521,48.8655
cameraman,GD,13,370.2303957,27.00316143,0.002151841235,51.4744
cameraman,GD,14,368.5343166,27.00724403,0.001226880428,54.2321
cameraman,GD,15,368.2811206,27.01251151,0.001377703248,58.0945
cameraman,GD,16,367.4527039,27.0159947,0.00111989098,62.1246
cameraman,GD,17,366.9121401,27.01838819,0.0008053201896,66.4741
cameraman,GD,18,366.7068968,27.0208552,0.0007693907224,73.9399
cameraman,GD,19,366.3847649,27.02290807,0.0008069431827,77.7205
cameraman,GD,20,366.2897382,27.02501572,0.0008793562912,81.6129
cameraman,GD,21,365.9123122,27.02681617,0.0009087844254,85.7928
cameraman,GD,22,365.8143121,27.02856774,0.0009274294489,90.2742
cameraman,GD,23,365.4687414,27.0300793,0.0009479929183,94.5734
cameraman,GD,24,365.4055036,27.03152869,0.0009772205086,98.1979
cameraman,GD,25,365.0462251,27.03278524,0.0009896969365,101.4616
cameraman,GD,26,364.9836062,27.03396371,0.0009971316248,105.3837
cameraman,GD,27,364.6696457,27.03495584,0.001013407298,111.2871
cameraman,GD,28,364.6327083,27.03588832,0.001036357639,115.3208
cameraman,GD,29,364.3016533,27.03666097,0.001043859312,119.2422
cameraman,GD,30,364.2644681,27.0373767,0.001047716034,123.332
cameraman,GD,31,363.9794286,27.03793129,0.001061253292,127.2533
cameraman,GD,32,363.9700606,27.03842615,0.001083439429,131.5556
cameraman,GD,33,363.6625035,27.03884328,0.001089832337,135.7909
cameraman,GD,34,363.6442293,27.03912086,0.001091001121,140.8916
cameraman,GD,35,363.3815482,27.03934249,0.001101510821,145.463
cameraman,GD,36,363.3930882,27.03944555,0.001121896207,149.9004
cameraman,GD,37,363.1083089,27.03955851,0.001127892625,154.6238
cameraman,GD,38,363.1091924,27.03951016,0.001128776058,161.7068
cameraman,GD,39,362.8640119,27.03941904,0.001137775776,165.5989
cameraman,GD,40,362.0392672,27.03956502,0.0005783171815,169.0551
cameraman,GD,41,361.7983922,27.03907258,0.0004450825796,173.7985
cameraman,GD,42,361.680691,27.0391351,0.0003073026442,178.386
cameraman,GD,43,361.5311697,27.03892831,0.0002074450797,182.7199
cameraman,GD,44,361.5525543,27.03867371,0.0003461161129,186.134
cameraman,GD,45,361.3363183,27.03843959,0.0002866290563,189.3162
cameraman,GD,46,361.2847879,27.03829303,0.0002013606004,192.608
cameraman,GD,47,361.1889721,27.03804819,0.0001866493804,195.4925
cameraman,GD,48,361.1479626,27.03786497,0.0001826507621,198.2211
cameraman,GD,49,361.065614,27.03760013,0.0001828240563,201.5527
cameraman,GD,50,361.0267472,27.03739091,0.0001848609442,204.7393
cameraman,GD,51,360.9494158,27.03710287,0.0001867386745,208.0756
cameraman,GD,52,360.9119419,27.03686797,0.0001891180537,211.2992
cameraman,GD,53,360.837911,27.03655806,0.0001911443723,214.7155
cameraman,GD,54,360.8018166,27.03629839,0.0001933738828,217.7279
cameraman,GD,55,360.730457,27.03596749,0.0001953176028,220.8521
cameraman,GD,56,360.6957464,27.03568466,0.0001973645208,223.6418
cameraman,GD,57,360.6267131,27.03533325,0.0001992157798,226.7119
cameraman,GD,58,360.5934818,27.03502866,0.0002011277401,229.5944
cameraman,GD,59,360.5264865,27.03465749,0.0002029320674,232.3805
cameraman,GD,60,360.4945854,27.03433191,0.000204725579,235.7776
cameraman,GD,61,360.4293663,27.03394201,0.0002064119425,239.4531
cameraman,GD,62,360.3986652,27.03359618,0.000208027871,243.0515
cameraman,GD,63,360.3351198,27.03318836,0.0002095222147,247.176
cameraman,GD,64,360.3057128,27.03282324,0.0002109818163,250.48
cameraman,GD,65,360.2436462,27.03239819,0.0002123459784,253.9593
cameraman,GD,66,360.2155779,27.03201481,0.0002137009667,257.0769
cameraman,GD,67,360.1549117,27.03157332,0.0002149802789,260.9106
cameraman,GD,68,360.1281418,27.03117267,0.0002162632091,265.3048
cameraman,GD,69,360.0688536,27.03071549,0.0002174793934,269.6892
cameraman,GD,70,360.0433298,27.03029851,0.0002187212415,274.3287
cameraman,GD,71,359.9853719,27.02982642,0.0002199042696,278.7401
cameraman,GD,72,359.9610549,27.0293939,0.0002211250888,283.2144
cameraman,GD,73,359.9043957,27.02890753,0.0002223067751,287.8043
cameraman,GD,74,359.8812622,27.0284603,0.0002235134679,292.1695
cameraman,GD,75,359.8258371,27.02796037,0.000224688865,296.8693
cameraman,GD,76,359.8038026,27.02749916,0.0002258678315,302.2441
cameraman,GD,77,359.7495622,27.02698636,0.0002270141141,308.306
cameraman,GD,78,359.7285494,27.02651189,0.000228150129,315.6581
cameraman,GD,79,359.6754175,27.02598678,0.0002292392749,322.8127
cameraman,GD,80,359.6553783,27.02549982,0.0002303097111,331.7422
cameraman,GD,81,359.6033014,27.02496284,0.0002313297034,338.4358
cameraman,GD,82,359.5842013,27.02446416,0.0002323321524,344.7176
cameraman,GD,83,359.5331447,27.02391565,0.0002332933109,350.8712
cameraman,GD,84,359.5149982,27.0234061,0.0002342415754,358.8774
cameraman,GD,85,359.4648918,27.02284646,0.0002351560944,366.3906
cameraman,GD,86,359.4477243,27.02232664,0.0002360653035,372.8125
cameraman,GD,87,359.3985342,27.02175643,0.0002369489318,380.9708
cameraman,GD,88,359.3823531,27.02122681,0.0002378430209,385.4351
cameraman,GD,89,359.3340639,27.02064655,0.0002387246055,389.8436
cameraman,GD,90,359.318872,27.02010759,0.0002396305174,394.2226
cameraman,GD,91,359.2714394,27.01951775,0.0002405318444,398.5551
cameraman,GD,92,359.2572114,27.01896985,0.0002414552077,402.9134
cameraman,GD,93,359.2105712,27.01837092,0.000242360134,408.0602
cameraman,GD,94,359.1972367,27.01781458,0.0002432706403,411.9982
cameraman,GD,95,359.1513296,27.01720692,0.0002441434053,416.5333
cameraman,GD,96,359.138839,27.01664255,0.0002450145597,420.6007
cameraman,GD,97,359.0936653,27.01602659,0.0002458462645,426.9216
cameraman,GD,98,359.0819922,27.01545459,0.0002466854924,431.5521
cameraman,GD,99,359.0375536,27.0148307,0.000247494758,436.186
cameraman,GD,100,359.0266775,27.0142515,0.0002483169578,439.3375
cameraman,GD,101,358.9829338,27.01362003,0.0002491087516,442.2186
cameraman,GD,102,358.9728238,27.01303404,0.0002499024783,446.7019
cameraman,GD,103,358.9297211,27.01239531,0.000250656246,451.1419
cameraman,GD,104,358.9203385,27.01180295,0.0002514066756,455.2592
cameraman,GD,105,358.8778506,27.01115735,0.0002521136739,459.4387
cameraman,GD,106,358.8691557,27.0105589,0.0002528154888,463.7916
cameraman,GD,107,358.8272706,27.00990684,0.0002534743755,468.1432
cameraman,GD,108,358.8192411,27.00930241,0.0002541286308,471.8259
cameraman,GD,109,358.7779577,27.00864431,0.000254748027,474.88
cameraman,GD,110,358.7705787,27.00803398,0.0002553656758,477.575
cameraman,GD,111,358.7299,27.0073703,0.0002559573245,480.2396
cameraman,GD,112,358.723159,27.00675427,0.0002565494622,483.4186
cameraman,GD,113,358.6830822,27.0060854,0.0002571263491,486.9865
cameraman,GD,114,358.676983,27.00546388,0.0002577072987,490.1122
cameraman,GD,115,358.637488,27.00479013,0.0002582812209,492.8236
cameraman,GD,116,358.6320336,27.00416336,0.0002588606467,495.7684
cameraman,GD,117,358.5930864,27.00348505,0.0002594336083,498.7457
cameraman,GD,118,358.588241,27.00285324,0.0002600098614,502.9751
cameraman,GD,119,358.5498182,27.00217063,0.0002605727076,506.7352
cameraman,GD,120,358.5455439,27.00153403,0.0002611351258,510.1212
cameraman,GD,121,358.5076257,27.0008474,0.0002616765586,513.5106
cameraman,GD,122,358.5038824,27.00020629,0.0002622144508,517.2574
cameraman,GD,123,358.4664685,26.99951588,0.0002627294902,521.0644
cameraman,GD,124,358.4632242,26.99887055,0.0002632386333,525.52
cameraman,GD,125,358.4263325,26.99817655,0.0002637304262,529.0979
cameraman,GD,126,358.42358,26.99752729,0.0002642163971,532.2933
cameraman,GD,127,358.3871928,26.99682993,0.0002646927112,535.0952
cameraman,GD,128,358.3849283,26.996177,0.0002651615165,538.4959
cameraman,GD,129,358.3490138,26.99547648,0.0002656238676,541.5265
cameraman,GD,130,358.3472241,26.99482014,0.0002660745831,545.2238
cameraman,GD,131,358.3117544,26.99411671,0.0002665170584,548.8477
cameraman,GD,132,358.3104344,26.99345715,0.0002669450454,551.9842
cameraman,GD,133,358.2753872,26.99275105,0.0002673651645,555.609
cameraman,GD,134,358.2745302,26.9920885,0.0002677719999,559.7227
cameraman,GD,135,358.2398979,26.99137996,0.0002681730538,564.3888
cameraman,GD,136,358.2395012,26.99071466,0.0002685654434,567.6188
cameraman,GD,137,358.2052811,26.99000395,0.0002689546989,570.4223
cameraman,GD,138,358.2053369,26.98933613,0.0002693379675,574.7645
cameraman,GD,139,358.1715233,26.98862345,0.0002697194726,579.1369
cameraman,GD,140,358.1720148,26.98795333,0.0002700963792,583.4366
cameraman,GD,141,358.1386057,26.98723887,0.0002704726768,587.682
cameraman,GD,142,358.139512,26.98656671,0.0002708437975,592.0162
cameraman,GD,143,358.1065079,26.98585067,0.0002712153457,596.2798
cameraman,GD,144,358.1078065,26.9851767,0.000271582153,601.3658
cameraman,GD,145,358.0752117,26.98445926,0.0002719514974,606.3737
cameraman,GD,146,358.0768778,26.98378372,0.0002723170327,609.6728
cameraman,GD,147,358.0446977,26.98306505,0.0002726879523,614.5153
cameraman,GD,148,358.0467467,26.9823882,0.0002730594662,617.6186
cameraman,GD,149,358.0149924,26.98166846,0.0002734479187,620.5746
cameraman,GD,150,358.0174606,26.9809905,0.0002738460371,623.6524
cameraman,GD,151,357.986121,26.98026986,0.0002742765033,626.551
cameraman,GD,152,357.9889468,26.97959105,0.0002747090525,630.6235
cameraman,GD,153,357.9579507,26.97886969,0.0002751449559,634.823
cameraman,GD,154,357.9610856,26.97819026,0.0002755643115,638.8377
cameraman,GD,155,357.9304507,26.97746831,0.0002759774934,641.533
cameraman,GD,156,357.9339232,26.97678843,0.0002763964107,645.8323
cameraman,GD,157,357.9036382,26.97606607,0.0002768127835,649.7556
cameraman,GD,158,357.9074192,26.97538598,0.0002772318007,654.1557
cameraman,GD,159,357.8774594,26.97466337,0.0002776422885,658.551
cameraman,GD,160,357.8815212,26.97398321,0.0002780477846,662.8778
cameraman,GD,161,357.8518775,26.97326058,0.000278443315,666.9146
cameraman,GD,162,357.8562091,26.97258047,0.0002788310394,669.8492
cameraman,GD,163,357.8268849,26.97185802,0.0002792126774,672.7045
cameraman,GD,164,357.8314792,26.97117808,0.0002795880248,676.8597
cameraman,GD,165,357.8024822,26.97045595,0.0002799620535,681.2668
cameraman,GD,166,357.8073328,26.9697763,0.0002803318566,685.5963
cameraman,GD,167,357.7786609,26.96905461,0.0002807033617,689.9166
cameraman,GD,168,357.7837632,26.96837543,0.0002810697151,694.2974
cameraman,GD,169,357.7553977,26.96765431,0.0002814378069,698.7123
cameraman,GD,170,357.7607462,26.96697577,0.0002817961336,703.0516
cameraman,GD,171,357.7326594,26.96625538,0.0002821519956,707.4131
cameraman,GD,172,357.7382411,26.96557754,0.000282493061,710.7874
cameraman,GD,173,357.7104183,26.96485802,0.0002828285178,713.7429
cameraman,GD,174,357.7162318,26.96418103,0.0002831502585,716.4145
cameraman,GD,175,357.6886614,26.96346254,0.0002834641924,719.016
cameraman,GD,176,357.6947037,26.9627865,0.000283767214,721.7749
cameraman,GD,177,357.6673808,26.96206912,0.0002840630005,724.3687
cameraman,GD,178,357.6736454,26.96139418,0.0002843502891,727.0308
cameraman,GD,179,357.6465753,26.96067794,0.0002846315772,729.7018
cameraman,GD,180,357.6530496,26.96000423,0.0002849061403,732.2998
cameraman,GD,181,357.6262396,26.95928917,0.0002851773269,735.0642
cameraman,GD,182,357.632913,26.9586169,0.0002854427817,738.0257
cameraman,GD,183,357.6063659,26.95790308,0.0002857080035,741.302
cameraman,GD,184,357.6132363,26.95723235,0.0002859682994,745.6343
cameraman,GD,185,357.5869471,26.95651982,0.0002862305388,749.8306
cameraman,GD,186,357.5940156,26.95585081,0.0002864879949,754.0381
cameraman,GD,187,357.5679784,26.95513963,0.0002867494188,758.3714
cameraman,GD,188,357.5752477,26.95447242,0.0002870058432,761.7509
cameraman,GD,189,357.5494461,26.95376261,0.0002872677234,765.2704
cameraman,GD,190,357.5569229,26.95309729,0.0002875242359,768.8854
cameraman,GD,191,357.5313382,26.95238902,0.0002877860548,772.8287
cameraman,GD,192,357.5390278,26.95172561,0.0002880429772,775.9398
cameraman,GD,193,357.5136534,26.95101897,0.0002883050142,778.7207
cameraman,GD,194,357.5215604,26.95035749,0.0002885655681,781.359
cameraman,GD,195,357.4963947,26.94965258,0.0002888318984,783.946
cameraman,GD,196,357.3494896,26.94933748,0.0001445520728,787.661
cameraman,GD,197,357.3016574,26.94792545,0.0001128065125,792.0402
cameraman,GD,198,357.3346216,26.94726505,0.0001025311842,796.3905
cameraman,GD,199,357.3007502,26.94657229,0.0001056040997,800.8118
cameraman,GD,200,357.2866876,26.94623976,6.018530709e-05,804.5154
cameraman,GD,201,357.2724147,26.94487454,9.486241984e-05,807.3609
cameraman,GD,202,357.2884106,26.94420329,9.398645815e-05,810.1826
cameraman,GD,203,357.2775186,26.94352084,0.0001150867728,814.1196
cameraman,GD,204,357.2491181,26.94319155,7.08921888e-05,817.112
cameraman,GD,205,357.2388877,26.94183643,9.717474163e-05,819.6479
cameraman,GD,206,357.2255526,26.94150673,5.399116374e-05,823.9817
cameraman,GD,207,357.2214361,26.94016053,9.513091359e-05,827.93
cameraman,GD,208,357.2062673,26.93983134,5.322195695e-05,831.7277
cameraman,GD,209,357.199672,26.93849111,9.258980856e-05,835.6591
cameraman,GD,210,357.1861055,26.93816319,5.088333772e-05,841.3108
cameraman,GD,211,357.1827384,26.93682998,9.21461235e-05,846.0697
cameraman,GD,212,357.1677349,26.93650343,5.169604507e-05,851.3367
cameraman,GD,213,357.1636048,26.93517663,9.060253468e-05,858.5609
cameraman,GD,214,357.1491888,26.93485152,5.076021584e-05,875.0023
cameraman,GD,215,357.1472879,26.93353142,9.034489981e-05,881.5441
cameraman,GD,216,357.1317833,26.93320793,5.169687413e-05,889.54
cameraman,GD,217,357.1295625,26.93189455,8.909090541e-05,894.8198
cameraman,GD,218,357.1144148,26.93157259,5.113517764e-05,900.5744
cameraman,GD,219,357.1139868,26.93026598,8.887659507e-05,912.2898
cameraman,GD,220,357.0979606,26.92994572,5.205984957e-05,920.8239
cameraman,GD,221,357.0973506,26.92864612,8.779095188e-05,930.5019
cameraman,GD,222,357.0815919,26.92832745,5.168898687e-05,937.3585
cameraman,GD,223,357.0825491,26.92703478,8.75984597e-05,941.5266
cameraman,GD,224,357.0660336,26.92671785,5.25762192e-05,945.634
cameraman,GD,225,357.0667994,26.92543245,8.659814651e-05,948.8623
cameraman,GD,226,357.0505481,26.92511716,5.225097979e-05,954.1975
cameraman,GD,227,357.0526682,26.92383878,8.635791808e-05,956.8229
cameraman,GD,228,357.0358203,26.92352526,5.299892e-05,960.0757
cameraman,GD,229,357.0377066,26.92225439,8.538403438e-05,964.5368
cameraman,GD,230,357.0211444,26.92194255,5.26457252e-05,970.1051
cameraman,GD,231,357.0142612,26.92131194,4.255446333e-05,974.9574
cameraman,GD,232,357.0169598,26.92068519,5.248056252e-05,980.6242
cameraman,GD,233,357.0153902,26.92005605,6.923041837e-05,983.7274
cameraman,GD,234,357.0014835,26.91974596,4.754345665e-05,987.8629
cameraman,GD,235,357.0011702,26.91849329,8.073426417e-05,991.4512
cameraman,GD,236,356.9874343,26.91818514,4.827142047e-05,995.591
cameraman,GD,237,356.9905763,26.91693994,8.198168463e-05,999.8652
cameraman,GD,238,356.9746599,26.91663376,5.116215127e-05,1003.7984
cameraman,GD,239,356.9772601,26.91539612,8.126267366e-05,1007.5369
cameraman,GD,240,356.9615184,26.91509177,5.121831383e-05,1011.6649
cameraman,GD,241,356.9662323,26.91386165,8.179274585e-05,1014.9854
cameraman,GD,242,356.949255,26.91355922,5.281575198e-05,1018.6515
cameraman,GD,243,356.9428948,26.91294917,4.042678023e-05,1022.79
cameraman,GD,244,356.9460409,26.91234224,5.036736381e-05,1026.4044
cameraman,GD,245,356.9454318,26.91173405,6.714904025e-05,1029.8856
cameraman,GD,246,356.9319653,26.9114336,4.672962413e-05,1034.0747
cameraman,GD,247,356.9339125,26.91022249,7.718514625e-05,1037.6954
cameraman,GD,248,356.9198241,26.909924,4.853185879e-05,1040.7505
cameraman,GD,249,356.9145011,26.90932336,3.924948438e-05,1043.0676
cameraman,GD,250,356.9175694,26.90872542,4.951602001e-05,1045.5041
cameraman,GD,251,356.9063175,26.90842689,3.334343846e-05,1048.0218
cameraman,GD,252,356.9204523,26.90603333,0.0001356305456,1050.1219
cameraman,GD,253,356.8866128,26.90574032,6.333396036e-05,1052.8465
cameraman,GD,254,356.8905856,26.90455926,7.203437006e-05,1055.3503
cameraman,GD,255,356.8758235,26.90426786,4.253406859e-05,1057.7704
cameraman,GD,256,356.8801761,26.90309525,7.052283116e-05,1059.8393
cameraman,GD,257,356.8652922,26.90280555,4.189254513e-05,1062.1008
cameraman,GD,258,356.8697974,26.90164031,6.969526144e-05,1064.063
cameraman,GD,259,356.8551897,26.90135272,4.181556169e-05,1066.323
cameraman,GD,260,356.860495,26.90019592,6.972167258e-05,1068.4971
cameraman,GD,261,356.8452663,26.89991011,4.273437196e-05,1071.318
cameraman,GD,262,356.8508906,26.89876073,6.926523167e-05,1073.5899
cameraman,GD,263,356.8356428,26.89847708,4.3005322e-05,1076.184
cameraman,GD,264,356.8419173,26.89733602,6.918906909e-05,1078.1399
cameraman,GD,265,356.82622,26.8970542,4.369228485e-05,1080.4301
cameraman,GD,266,356.8328532,26.8959207,6.876261103e-05,1082.373
cameraman,GD,267,356.8170636,26.89564105,4.395620769e-05,1084.8481
cameraman,GD,268,356.8152402,26.89507919,3.435343125e-05,1087.2494
cameraman,GD,269,356.8107112,26.8947996,2.160527396e-05,1089.5612
cameraman,GD,270,356.8140723,26.89255616,0.00011477598,1091.3733
cameraman,GD,271,356.7957326,26.89228117,4.69751887e-05,1093.6432
cameraman,GD,272,356.802104,26.8911749,6.631607671e-05,1095.7125
cameraman,GD,273,356.7872501,26.89090205,4.298674202e-05,1097.9858
cameraman,GD,274,356.7953993,26.8898038,6.719143856e-05,1099.9379
cameraman,GD,275,356.7791314,26.8895329,4.469568738e-05,1102.2973
cameraman,GD,276,356.7774273,26.88898842,3.30322382e-05,1104.6131
cameraman,GD,277,356.7768684,26.88844629,4.186776647e-05,1106.7339
cameraman,GD,278,356.7710536,26.88817586,2.8982286e-05,1108.9727
cameraman,GD,279,356.7703777,26.88709494,5.845410597e-05,1110.9132
cameraman,GD,280,356.7633807,26.88682662,3.33699327e-05,1113.1573
cameraman,GD,281,356.7659653,26.88575321,6.145943085e-05,1115.1961
cameraman,GD,282,356.7562356,26.88548717,3.915652902e-05,1117.4527
cameraman,GD,283,356.752776,26.8849551,3.19379393e-05,1119.5578
cameraman,GD,284,356.7553605,26.8844243,4.111150568e-05,1122.023
cameraman,GD,285,356.7568101,26.88389505,5.68442339e-05,1124.21
cameraman,GD,286,356.7461281,26.88363183,4.057052742e-05,1126.4388
cameraman,GD,287,356.7424185,26.88310532,3.165635094e-05,1128.5919
cameraman,GD,288,356.7451413,26.8825801,4.068681446e-05,1130.6719
cameraman,GD,289,356.7371916,26.88231879,2.812824653e-05,1133.0248
cameraman,GD,290,356.738603,26.88127243,5.501760116e-05,1136.7547
cameraman,GD,291,356.730063,26.88101328,3.08380108e-05,1139.7637
cameraman,GD,292,356.7340569,26.87997473,5.700556487e-05,1141.8461
cameraman,GD,293,356.7234721,26.87971767,3.492929368e-05,1144.2787
cameraman,GD,294,356.7285881,26.87868689,5.820553405e-05,1146.3351
cameraman,GD,295,356.7168,26.87843194,3.748741331e-05,1148.7907
cameraman,GD,296,356.7157485,26.87792097,2.962419685e-05,1150.9636
cameraman,GD,297,356.715311,26.87741183,3.797567014e-05,1153.0812
cameraman,GD,298,356.7104825,26.87715815,2.658360692e-05,1156.8185
cameraman,GD,299,356.7105011,26.87614374,5.318790508e-05,1158.8213
cameraman,GD,300,356.7042917,26.87589209,3.136196256e-05,1161.0871
cameraman,Newton,0,927.7778453,20.41011896,0,0
cameraman,Newton,1,473.6175746,25.54273335,0.1043474051,75.5692
cameraman,Newton,2,398.4372859,26.55547024,0.03178686024,159.4926
cameraman,Newton,3,376.8209313,26.74995629,0.01392933037,255.6199
cameraman,Newton,4,368.9841772,26.78764946,0.007142267214,341.0601
cameraman,Newton,5,365.743846,26.79091154,0.003987679868,425.0383
cameraman,Newton,6,364.2753962,26.78681713,0.002356085183,501.9834
cameraman,Newton,7,363.5600798,26.78191697,0.001453774064,582.8498
cameraman,Newton,8,363.1901712,26.77772098,0.0009293748731,656.7475
cameraman,Newton,9,362.9891136,26.77443307,0.0006121470137,738.0533
cameraman,Newton,10,362.8752167,26.77193871,0.0004136443512,822.0562
cameraman,Newton,11,362.8084118,26.77006864,0.0002857648364,926.6968
cameraman,Newton,12,362.7680591,26.76867205,0.000201272767,1024.8876
cameraman,Newton,13,362.7430686,26.76762956,0.0001442051161,1192.1181
cameraman,Newton,14,362.727257,26.76685077,0.0001048858669,1333.2302
cameraman,Newton,15,362.7170614,26.76626782,7.732319278e-05,1423.2226
cameraman,Newton,16,362.7103801,26.7658306,5.76922314e-05,1529.7457
cameraman,Newton,17,362.7059379,26.76550139,4.350765797e-05,1647.4376
cameraman,Newton,18,362.7029469,26.76525316,3.313094421e-05,1740.1105
cameraman,Newton,19,362.7009077,26.76506535,2.544661022e-05,1855.7717
cameraman,Newton,20,362.6995004,26.76492256,1.969947431e-05,1960.839
cameraman,Newton,21,362.6985211,26.76481416,1.535912945e-05,2051.4579
cameraman,Newton,22,362.6978331,26.76473168,1.20540701e-05,2183.6097
cameraman,Newton,23,362.6973447,26.76466789,9.514019464e-06,2331.3718
cameraman,Newton,24,362.696995,26.76461956,7.551172903e-06,2440.8411
cameraman,Newton,25,362.6967431,26.76458194,6.024173474e-06,2530.281
cameraman,Newton,26,362.6965617,26.76455267,4.828189728e-06,2616.7893
cameraman,Newton,27,362.6964307,26.76453054,3.885083942e-06,2702.0455
cameraman,Newton,28,362.6963311,26.76451275,3.143094391e-06,2780.5795
cameraman,Newton,29,362.6962583,26.76449898,2.549495759e-06,2890.0644
cameraman,Newton,30,362.6962051,26.76448868,2.078901486e-06,3019.235
barbara,GD,0,975.1064,20.09411666,0,0
barbara,GD,1,784.8996923,23.84331173,0.1833794746,1.5647
barbara,GD,2,613.6128572,24.45067587,0.1179726528,3.0249
barbara,GD,3,576.4846341,25.03401396,0.08779923946,4.1486
barbara,GD,4,460.9381807,25.53921246,0.04926854524,5.4149
barbara,GD,5,442.6131939,25.61208281,0.02897663462,6.6773
barbara,GD,6,418.8750752,25.6568418,0.01620530346,8.092
barbara,GD,7,413.4428309,25.63055432,0.01121959233,9.4606
barbara,GD,8,405.5222292,25.63031262,0.00623427063,11.1658
barbara,GD,9,402.9873737,25.60982247,0.004164286486,13.392
barbara,GD,10,402.7413309,25.59156408,0.004440119483,15.6123
barbara,GD,11,401.9490345,25.57228043,0.004934660694,18.1092
barbara,GD,12,398.6146374,25.56807399,0.00275281169,20.6854
barbara,GD,13,397.4190648,25.55617497,0.001624781889,23.1655
barbara,GD,14,397.1486993,25.54690838,0.001560763676,26.1384
barbara,GD,15,396.7945298,25.53654036,0.00173029425,28.5352
barbara,GD,16,395.8408008,25.5330469,0.001021883462,30.6814
barbara,GD,17,395.7619739,25.5220051,0.001147599449,33.5952
barbara,GD,18,395.25273,25.5190041,0.0009668511981,36.4587
barbara,GD,19,394.9030297,25.51393884,0.0006721343091,38.6175
barbara,GD,20,394.778183,25.50966425,0.0006214557196,40.792
barbara,GD,21,394.5849873,25.5049,0.0006484432876,43.1561
barbara,GD,22,394.5244541,25.50088091,0.0007035411381,47.1078
barbara,GD,23,394.2978488,25.49617339,0.0007232590036,51.3525
barbara,GD,24,394.2369553,25.49219793,0.0007363838597,53.9661
barbara,GD,25,394.0281263,25.48754951,0.0007526549345,55.8386
barbara,GD,26,393.9777879,25.48364491,0.0007705509086,57.8496
barbara,GD,27,393.7578062,25.47902952,0.0007741894454,61.4108
barbara,GD,28,393.7124159,25.47513756,0.0007764427577,63.2403
barbara,GD,29,393.5174856,25.47055783,0.0007869261875,65.064
barbara,GD,30,393.4836252,25.46673605,0.0008012426565,67.7116
barbara,GD,31,393.2812782,25.46218742,0.0008041396475,70.8503
barbara,GD,32,393.2495559,25.45840586,0.000805837443,74.3578
barbara,GD,33,393.0708995,25.45389573,0.0008156178388,77.4081
barbara,GD,34,393.0504831,25.45018114,0.0008296239524,80.8591
barbara,GD,35,392.8598539,25.44571184,0.0008308684513,84.7045
barbara,GD,36,392.8384771,25.44202986,0.0008302198321,86.9133
barbara,GD,37,392.6706365,25.43762356,0.0008370442637,88.8431
barbara,GD,38,392.6584906,25.43398125,0.0008481391658,91.1858
barbara,GD,39,392.4796282,25.42961485,0.0008476164913,93.7052
barbara,GD,40,392.4682973,25.42600561,0.0008467974654,95.7421
barbara,GD,41,392.3128035,25.42170154,0.0008541675999,99.3968
barbara,GD,42,392.3101518,25.41813862,0.0008656822474,102.267
barbara,GD,43,392.1395097,25.41386423,0.0008641083829,104.2855
barbara,GD,44,392.1363464,25.41034865,0.0008617455528,107.762
barbara,GD,45,391.9902507,25.40611806,0.0008683847271,110.2407
barbara,GD,46,391.9956046,25.40264905,0.0008795690203,112.8647
barbara,GD,47,391.8340204,25.39846311,0.0008779491192,115.0851
barbara,GD,48,391.8373129,25.39504468,0.0008750436718,118.4297
barbara,GD,49,391.699896,25.39092079,0.0008809175394,121.3301
barbara,GD,50,391.7121925,25.38754598,0.0008916967935,123.9217
barbara,GD,51,391.557871,25.38345234,0.0008894758946,126.0495
barbara,GD,52,391.5685497,25.38012149,0.0008865619745,129.2461
barbara,GD,53,391.4398612,25.37609988,0.0008932328848,132.3694
barbara,GD,54,391.0005535,25.37453752,0.0004524146947,136.0254
barbara,GD,55,390.8634493,25.37016076,0.00033367326,138.5783
barbara,GD,56,390.815481,25.36847373,0.000226631979,141.4973
barbara,GD,57,390.7380102,25.36651751,0.0001512006238,143.7558
barbara,GD,58,390.7374895,25.36283195,0.0002477788015,145.8554
barbara,GD,59,390.6395604,25.36094376,0.0001976957002,148.8997
barbara,GD,60,390.6151015,25.35915776,0.0001418554833,153.8581
barbara,GD,61,390.6155698,25.3554591,0.0002604549383,156.7276
barbara,GD,62,390.5519392,25.35375979,0.0002433124119,158.9677
barbara,GD,63,390.4863564,25.35193482,0.0001726767792,161.7692
barbara,GD,64,390.4629308,25.35018599,0.0001444528065,165.3644
barbara,GD,65,390.4197396,25.34839232,0.0001359432233,168.252
barbara,GD,66,390.3998631,25.34665277,0.0001320637671,171.4384
barbara,GD,67,390.3617217,25.34488281,0.0001304877317,174.2695
barbara,GD,68,390.3421723,25.34315473,0.0001297939773,177.8378
barbara,GD,69,390.3066114,25.34140338,0.0001296422834,181.6259
barbara,GD,70,390.2872413,25.33968798,0.0001297775109,185.4306
barbara,GD,71,390.2533649,25.33795283,0.0001300647713,188.8998
barbara,GD,72,390.2342361,25.33625048,0.0001303999738,192.7478
barbara,GD,73,390.2015628,25.33453024,0.0001307252604,194.8958
barbara,GD,74,390.1827944,25.33284112,0.0001310579202,196.9572
barbara,GD,75,390.151087,25.33113508,0.0001313421597,198.9581
barbara,GD,76,390.1327676,25.32945914,0.0001316653853,202.2534
barbara,GD,77,390.101889,25.32776685,0.0001319386682,204.2664
barbara,GD,78,390.0840597,25.32610404,0.0001322567687,206.7178
barbara,GD,79,390.0539073,25.32442515,0.0001325228263,209.9482
barbara,GD,80,390.0365918,25.32277546,0.0001328292806,212.6281
barbara,GD,81,390.0070865,25.32110972,0.0001330796918,214.5937
barbara,GD,82,389.9903023,25.31947315,0.0001333670366,218.2435
barbara,GD,83,389.9613884,25.3178204,0.0001335986102,220.9131
barbara,GD,84,389.945145,25.31619688,0.0001338672331,222.912
barbara,GD,85,389.9167908,25.31455704,0.0001340826205,226.0042
barbara,GD,86,389.9010804,25.31294651,0.0001343381528,229.4085
barbara,GD,87,389.8732603,25.31131952,0.0001345452882,232.72
barbara,GD,88,389.8580823,25.30972196,0.0001347985739,236.1539
barbara,GD,89,389.8307731,25.3081078,0.0001350133485,239.4652
barbara,GD,90,389.816128,25.30652313,0.0001352806375,242.8614
barbara,GD,91,389.7892975,25.30492177,0.0001355171351,245.9715
barbara,GD,92,389.775173,25.3033499,0.0001357932554,251.257
barbara,GD,93,389.7487752,25.30176133,0.0001360293692,254.9357
barbara,GD,94,389.7351397,25.30020225,0.0001362793895,258.329
barbara,GD,95,389.7091534,25.29862639,0.0001364826256,261.8595
barbara,GD,96,389.6959955,25.29708004,0.0001366990942,264.6666
barbara,GD,97,389.6704138,25.2955168,0.0001368779628,269.0817
barbara,GD,98,389.6577285,25.2939831,0.0001370767936,271.8516
barbara,GD,99,389.6325405,25.29243238,0.0001372443317,274.4862
barbara,GD,100,389.6203219,25.29091125,0.0001374322911,277.7513
barbara,GD,101,389.5955107,25.28937297,0.0001375916607,280.6082
barbara,GD,102,389.5837513,25.28786434,0.0001377683698,283.3782
barbara,GD,103,389.5593001,25.28633838,0.0001379188569,286.3616
barbara,GD,104,389.5479826,25.28484217,0.000138081485,288.3947
barbara,GD,105,389.5238827,25.2833285,0.000138218029,290.4073
barbara,GD,106,389.5129863,25.28184462,0.0001383622606,292.6813
barbara,GD,107,389.4892343,25.28034309,0.0001384809106,295.4454
barbara,GD,108,389.4787405,25.27887142,0.0001386073351,298.8147
barbara,GD,109,389.4553405,25.27738196,0.0001387123978,302.4973
barbara,GD,110,389.4452329,25.2759225,0.0001388286901,305.8207
barbara,GD,111,389.4221923,25.27444507,0.0001389302364,309.1974
barbara,GD,112,389.4124571,25.27299769,0.0001390459032,312.3326
barbara,GD,113,389.3897749,25.27153217,0.000139150951,315.381
barbara,GD,114,389.3803981,25.27009681,0.0001392689967,318.4922
barbara,GD,115,389.3580671,25.26864313,0.0001393759872,321.3076
barbara,GD,116,389.3490303,25.26721972,0.0001394903368,323.4089
barbara,GD,117,389.3270415,25.26577783,0.0001395914303,326.7223
barbara,GD,118,389.3183253,25.26436631,0.0001396952194,328.7418
barbara,GD,119,389.2966761,25.2629361,0.0001397859037,331.5786
barbara,GD,120,389.2882671,25.26153641,0.000139878825,334.8047
barbara,GD,121,389.2669589,25.26011784,0.0001399639452,336.8876
barbara,GD,122,389.2588513,25.25872982,0.0001400542814,338.9223
barbara,GD,123,389.2378822,25.2573228,0.0001401461038,341.21
barbara,GD,124,389.2300763,25.25594645,0.0001402452305,344.1665
barbara,GD,125,389.2094374,25.2545509,0.0001403556617,347.3968
barbara,GD,126,389.2019347,25.25318608,0.0001404717741,350.7769
barbara,GD,127,389.1816126,25.25180189,0.0001406032548,353.3124
barbara,GD,128,389.1744051,25.25044848,0.0001407351784,355.9891
barbara,GD,129,389.1543763,25.2490756,0.0001408686862,358.3359
barbara,GD,130,389.1474458,25.24773355,0.0001409911531,360.5796
barbara,GD,131,389.1276873,25.24637188,0.0001410953463,363.901
barbara,GD,132,389.1210303,25.2450411,0.0001411889018,367.6555
barbara,GD,133,389.1015392,25.24369059,0.0001412653109,371.0576
barbara,GD,134,389.095156,25.24237097,0.0001413406147,374.7823
barbara,GD,135,389.075933,25.24103152,0.0001414072149,378.232
barbara,GD,136,389.0698187,25.23972298,0.000141476843,381.0844
barbara,GD,137,389.0508625,25.23839451,0.0001415419483,383.5146
barbara,GD,138,389.04501,25.23709707,0.0001416113422,386.6675
barbara,GD,139,389.0263171,25.23577949,0.0001416781942,390.0105
barbara,GD,140,389.0207189,25.23449305,0.0001417494095,393.3233
barbara,GD,141,389.0022879,25.23318628,0.0001418202183,396.2296
barbara,GD,142,388.9969365,25.23191077,0.0001418966335,400.1346
barbara,GD,143,388.9787674,25.23061473,0.0001419756622,403.8548
barbara,GD,144,388.9736547,25.22935013,0.0001420614652,408.1981
barbara,GD,145,388.955747,25.22806472,0.0001421517309,411.6576
barbara,GD,146,388.9508629,25.22681101,0.0001422489718,415.08
barbara,GD,147,388.9332157,25.22553614,0.0001423518005,418.779
barbara,GD,148,388.9285497,25.22429328,0.000142460145,422.0429
barbara,GD,149,388.9111566,25.22302883,0.0001425724494,425.8188
barbara,GD,150,388.9067016,25.22179678,0.0001426855681,429.3534
barbara,GD,151,388.8895504,25.22054273,0.0001427978018,433.4894
barbara,GD,152,388.8853048,25.21932136,0.0001429040168,436.6572
barbara,GD,153,388.8683746,25.21807764,0.0001430044747,440.0888
barbara,GD,154,388.8643308,25.2168669,0.0001430948185,443.8987
barbara,GD,155,388.8476157,25.21563345,0.0001431771078,446.9749
barbara,GD,156,388.8437681,25.21443318,0.0001432489546,450.8439
barbara,GD,157,388.8272663,25.21320999,0.0001433145636,454.7289
barbara,GD,158,388.8236115,25.21202007,0.0001433715964,458.5546
barbara,GD,159,388.8073211,25.2108071,0.0001434253077,461.5328
barbara,GD,160,388.8038561,25.20962744,0.0001434726024,465.2469
barbara,GD,161,388.7877752,25.20842458,0.0001435183801,469.0554
barbara,GD,162,388.7844978,25.20725507,0.0001435597794,472.6194
barbara,GD,163,388.7686233,25.20606229,0.0001436014776,474.8899
barbara,GD,164,388.765537,25.20490279,0.0001436410042,478.5915
barbara,GD,165,388.7498607,25.20372001,0.0001436825603,481.8321
barbara,GD,166,388.7469621,25.20257049,0.000143724201,485.8709
barbara,GD,167,388.7314833,25.2013976,0.000143769137,489.6923
barbara,GD,168,388.7287658,25.20025789,0.0001438160248,493.9242
barbara,GD,169,388.7134848,25.19909479,0.0001438658482,497.5809
barbara,GD,170,388.7109373,25.19796489,0.0001439167419,501.4376
barbara,GD,171,388.6958495,25.19681155,0.0001439676813,503.8056
barbara,GD,172,388.6934628,25.19569133,0.0001440158751,506.0609
barbara,GD,173,388.6785596,25.19454761,0.0001440601903,508.9451
barbara,GD,174,388.6763292,25.19343696,0.0001440986026,511.1504
barbara,GD,175,388.661604,25.19230279,0.0001441319347,514.9239
barbara,GD,176,388.6595283,25.19120165,0.0001441595428,518.2923
barbara,GD,177,388.6449779,25.19007698,0.0001441839624,520.8527
barbara,GD,178,388.6430569,25.18898525,0.0001442041536,524.6113
barbara,GD,179,388.6286784,25.18787,0.000144223254,528.2819
barbara,GD,180,388.6269132,25.18678762,0.0001442405536,531.7459
barbara,GD,181,388.6127027,25.18568167,0.0001442579279,535.0613
barbara,GD,182,388.6110946,25.18460857,0.0001442752136,537.9567
barbara,GD,183,388.5970488,25.18351182,0.0001442942847,541.5381
barbara,GD,184,388.5955938,25.18244788,0.0001443149497,543.927
barbara,GD,185,388.581714,25.1813603,0.0001443386042,547.1446
barbara,GD,186,388.5804063,25.18030549,0.0001443662799,551.3748
barbara,GD,187,388.5666945,25.179227,0.0001443979085,555.2108
barbara,GD,188,388.5655258,25.17818124,0.0001444356609,558.8808
barbara,GD,189,388.5519855,25.17711173,0.0001444789004,562.5327
barbara,GD,190,388.5509482,25.17607493,0.0001445306758,565.6437
barbara,GD,191,388.5375771,25.17501433,0.0001445877722,570.9997
barbara,GD,192,388.5366665,25.17398643,0.0001446508394,574.0185
barbara,GD,193,388.5234575,25.17293467,0.0001447189398,577.7135
barbara,GD,194,388.5226717,25.1719156,0.0001447857271,581.1558
barbara,GD,195,388.5096114,25.17087258,0.0001448548367,584.669
barbara,GD,196,388.5089453,25.16986226,0.0001449139422,588.4666
barbara,GD,197,388.4960238,25.16882791,0.0001449718202,592.2361
barbara,GD,198,388.4954746,25.16782628,0.0001450174092,594.9887
barbara,GD,199,388.4826879,25.16680053,0.0001450596992,598.3983
barbara,GD,200,388.4822577,25.16580752,0.0001450943216,603.4375
barbara,GD,201,388.4696049,25.1647903,0.0001451268377,608.2269
barbara,GD,202,388.4692946,25.16380584,0.0001451560194,627.8464
barbara,GD,203,388.4567716,25.16279706,0.0001451839556,638.1338
barbara,GD,204,388.4565833,25.16182112,0.0001452116571,642.369
barbara,GD,205,388.4441865,25.16082067,0.0001452392269,646.8324
barbara,GD,206,388.4441204,25.15985318,0.00014526799,652.148
barbara,GD,207,388.4318471,25.15886103,0.0001452969179,659.9859
barbara,GD,208,388.4319018,25.15790191,0.0001453282319,663.8145
barbara,GD,209,388.4197492,25.15691796,0.0001453592075,668.7845
barbara,GD,210,388.4199219,25.1559672,0.0001453932216,672.3798
barbara,GD,211,388.407887,25.15499135,0.0001454255194,676.118
barbara,GD,212,388.4081723,25.15404889,0.0001454607683,680.2521
barbara,GD,213,388.3962514,25.15308109,0.0001454928325,684.4124
barbara,GD,214,388.3966452,25.15214689,0.0001455268534,688.3387
barbara,GD,215,388.3848359,25.15118696,0.0001455561207,693.3814
barbara,GD,216,388.3853337,25.15026097,0.0001455869603,696.574
barbara,GD,217,388.3736378,25.14930884,0.0001456145879,700.4775
barbara,GD,218,388.3742376,25.1483911,0.00014564485,704.5384
barbara,GD,219,388.3626584,25.14744657,0.0001456745206,709.4478
barbara,GD,220,388.3633595,25.14653705,0.0001457094138,714.4441
barbara,GD,221,388.3518996,25.14559994,0.0001457469894,718.5503
barbara,GD,222,388.3527073,25.14469869,0.0001457925994,722.5013
barbara,GD,223,388.3413636,25.14376887,0.0001458458325,725.3964
barbara,GD,224,388.342285,25.14287586,0.0001459087929,729.7148
barbara,GD,225,388.3310445,25.14195323,0.0001459825459,734.0236
barbara,GD,226,388.3320792,25.1410684,0.0001460601765,738.5468
barbara,GD,227,388.3209266,25.14015306,0.0001461443597,742.1536
barbara,GD,228,388.3220654,25.13927615,0.0001462227176,745.7722
barbara,GD,229,388.310994,25.13836827,0.0001463002563,748.9705
barbara,GD,230,388.3122341,25.13749902,0.0001463730776,752.7194
barbara,GD,231,388.301244,25.13659869,0.0001464439975,756.3654
barbara,GD,232,388.3025874,25.13573695,0.0001465166808,759.599
barbara,GD,233,388.2916776,25.13484416,0.0001465869684,761.6573
barbara,GD,234,388.2931218,25.13398983,0.000146660067,765.4322
barbara,GD,235,388.2822885,25.13310451,0.0001467279402,770.7207
barbara,GD,236,388.2838306,25.13225757,0.000146796911,774.9026
barbara,GD,237,388.2730708,25.13137964,0.0001468587269,777.3695
barbara,GD,238,388.2747082,25.13053999,0.0001469205385,779.6436
barbara,GD,239,388.2640198,25.12966937,0.0001469748426,781.7064
barbara,GD,240,388.2657509,25.12883699,0.0001470288987,784.1989
barbara,GD,241,388.2551332,25.12797361,0.0001470771269,788.6607
barbara,GD,242,388.2569563,25.12714841,0.0001471257204,793.4852
barbara,GD,243,388.2464084,25.1262922,0.0001471691944,797.1868
barbara,GD,244,388.2483214,25.12547413,0.0001472132119,800.1963
barbara,GD,245,388.2378432,25.12462503,0.0001472534256,803.8614
barbara,GD,246,388.2398441,25.12381405,0.0001472943436,807.1308
barbara,GD,247,388.229435,25.12297199,0.0001473321946,811.3618
barbara,GD,248,388.2315221,25.12216803,0.0001473707155,814.9048
barbara,GD,249,388.22118,25.12133295,0.0001474064796,820.9239
barbara,GD,250,388.2233521,25.12053593,0.0001474428796,825.3588
barbara,GD,251,388.2130759,25.1197078,0.0001474766578,830.5626
barbara,GD,252,388.2153319,25.11891768,0.0001475111236,836.4457
barbara,GD,253,388.2051199,25.1180964,0.0001475435746,841.9081
barbara,GD,254,388.2074587,25.11731313,0.0001475767201,845.9072
barbara,GD,255,388.1973089,25.11649866,0.0001476077214,849.9906
barbara,GD,256,388.19973,25.11572217,0.0001476394446,854.9821
barbara,GD,257,388.189641,25.11491449,0.0001476693419,859.3825
barbara,GD,258,388.1921432,25.11414469,0.0001477004778,862.9837
barbara,GD,259,388.1821136,25.11334374,0.00014772964,868.7193
barbara,GD,260,388.1846962,25.11258061,0.000147760153,873.6768
barbara,GD,261,388.1747238,25.1117863,0.0001477892119,878.345
barbara,GD,262,388.177387,25.11102973,0.0001478203617,883.3282
barbara,GD,263,388.1674708,25.11024206,0.0001478505834,887.0995
barbara,GD,264,388.1702135,25.10949202,0.0001478829801,891.3184
barbara,GD,265,388.1603519,25.10871095,0.0001479141427,895.4098
barbara,GD,266,388.1631738,25.10796738,0.0001479477808,899.5535
barbara,GD,267,388.1533654,25.10719285,0.0001479804282,903.5515
barbara,GD,268,388.1200428,25.10682642,7.400786214e-05,909.8856
barbara,GD,269,388.103917,25.1037877,0.0001352580301,915.0106
barbara,GD,270,388.1172417,25.10305869,9.990705687e-05,921.122
barbara,GD,271,388.1004283,25.10232018,8.714041239e-05,927.5512
barbara,GD,272,388.1098139,25.1015872,8.61447791e-05,932.3875
barbara,GD,273,388.0990362,25.10085601,9.236909371e-05,935.8382
barbara,GD,274,388.0871514,25.10049286,5.007026387e-05,940.0383
barbara,GD,275,388.083105,25.09758033,0.0001252399235,944.5892
barbara,GD,276,388.0935371,25.09686848,0.0001024124924,950.0542
barbara,GD,277,388.0842061,25.09615968,0.0001070407478,954.4041
barbara,GD,278,388.0671579,25.09580643,5.625609863e-05,960.2428
barbara,GD,279,388.0629402,25.09297331,0.000124262991,963.2346
barbara,GD,280,388.0503837,25.09262915,5.219263511e-05,967.5852
barbara,GD,281,388.0504853,25.09124586,6.619984525e-05,972.2291
barbara,GD,282,388.0534181,25.09055751,6.523049338e-05,977.9663
barbara,GD,283,388.0494758,25.08987538,7.479645595e-05,983.4373
barbara,GD,284,388.0396171,25.08953511,4.443797486e-05,987.9884
barbara,GD,285,388.0331275,25.08817514,5.916807189e-05,992.9678
barbara,GD,286,388.038415,25.08750189,5.421423636e-05,997.7493
barbara,GD,287,388.0340761,25.08683189,6.458748936e-05,1002.2224
barbara,GD,288,388.0406212,25.08616333,7.814799522e-05,1007.3637
barbara,GD,289,388.0239808,25.0858324,4.513586483e-05,1012.7153
barbara,GD,290,388.0275797,25.08050653,0.0002203559993,1016.6285
barbara,GD,291,388.02345,25.07987285,0.0001281137927,1020.8342
barbara,GD,292,388.0187823,25.07923381,0.000111918219,1024.027
barbara,GD,293,388.0173058,25.07860224,0.0001094026832,1027.8097
barbara,GD,294,387.9962794,25.07828665,5.655681091e-05,1033.3345
barbara,GD,295,387.9873669,25.07575355,0.0001096156479,1037.9776
barbara,GD,296,387.9971349,25.07513939,8.182473656e-05,1044.5683
barbara,GD,297,387.9878315,25.07452152,7.86896108e-05,1047.9812
barbara,GD,298,387.9954555,25.07390816,8.348931145e-05,1052.1593
barbara,GD,299,387.9895095,25.07329546,9.158423831e-05,1054.9669
barbara,GD,300,387.9758195,25.07299244,5.042029119e-05,1058.0349
barbara,Newton,0,975.1064,20.09411666,0,0
barbara,Newton,1,502.5641304,25.1026068,0.1175842483,114.3655
barbara,Newton,2,426.2002202,25.72096518,0.03704370533,229.1335
barbara,Newton,3,405.2448093,25.61358097,0.01641402083,344.1725
barbara,Newton,4,397.8869976,25.47181845,0.008484793462,471.6046
barbara,Newton,5,394.8753047,25.36881176,0.004823830846,577.4244
barbara,Newton,6,393.5000642,25.29933402,0.002930939,690.5423
barbara,Newton,7,392.8174564,25.25269474,0.001871106627,808.7393
barbara,Newton,8,392.4552172,25.22104645,0.0012406021,938.9777
barbara,Newton,9,392.2521586,25.19927151,0.0008472958219,1095.1956
barbara,Newton,10,392.1330739,25.18408841,0.0005924974169,1244.6581
barbara,Newton,11,392.0605597,25.17337485,0.0004223056165,1383.6658
barbara,Newton,12,392.0149904,25.16573556,0.0003057644362,1492.8452
barbara,Newton,13,391.9855863,25.16023971,0.0002243037028,1601.3287
barbara,Newton,14,391.9661807,25.15625424,0.0001663822573,1712.3147
barbara,Newton,15,391.9531265,25.15334456,0.0001246043803,1857.8432
barbara,Newton,16,391.9441982,25.15120709,9.409513251e-05,1989.0719
barbara,Newton,17,391.9380042,25.14962847,7.158090661e-05,2105.227
barbara,Newton,18,391.9336529,25.14845709,5.480784404e-05,2224.513
barbara,Newton,19,391.9305611,25.14758388,4.221499975e-05,2362.8402
barbara,Newton,20,391.9283421,25.14693066,3.268933366e-05,2515.5869
barbara,Newton,21,391.926737,25.14643967,2.543767763e-05,2651.5427
barbara,Newton,22,391.925567,25.14606989,1.988299027e-05,2775.023
barbara,Newton,23,391.9247059,25.14578999,1.560608735e-05,2883.3737
barbara,Newton,24,391.924069,25.14557787,1.229793413e-05,2986.9741
barbara,Newton,25,391.9235951,25.14541657,9.725568726e-06,3112.0796
barbara,Newton,26,391.9232416,25.14529386,7.718913963e-06,3221.7552
barbara,Newton,27,391.9229765,25.14519988,6.146370895e-06,3337.5209
barbara,Newton,28,391.9227762,25.14512772,4.908732331e-06,3449.2562
barbara,Newton,29,391.9226252,25.14507256,3.931118499e-06,3558.7649
barbara,Newton,30,391.9225086,25.14503016,3.160652697e-06,3675.4547
ape,GD,0,1050.066836,20.0473124,0,0
ape,GD,1,795.1626146,22.82681995,0.18550624,1.914
ape,GD,2,641.1913146,23.68898293,0.113215604,3.833
ape,GD,3,602.9399337,23.80394028,0.08492321132,6.0749
ape,GD,4,499.0873689,24.23657358,0.04776094187,9.2093
ape,GD,5,479.6677895,24.16131038,0.02807973299,12.4538
ape,GD,6,458.0919487,24.17792792,0.01534376187,16.0623
ape,GD,7,452.4958945,24.11681066,0.01054544927,19.6433
ape,GD,8,445.6776048,24.10233764,0.00579006163,22.8395
ape,GD,9,443.2173655,24.072313,0.003970455454,25.8478
ape,GD,10,442.768904,24.04767607,0.004228133153,28.8681
ape,GD,11,441.9279595,24.02332362,0.004707604359,32.7836
ape,GD,12,438.9119545,24.01441104,0.002628175231,36.1021
ape,GD,13,437.7402781,23.99951243,0.001574886053,39.3122
ape,GD,14,437.3747093,23.98785437,0.001498391776,42.5473
ape,GD,15,437.0060509,23.97546846,0.001653541621,46.032
ape,GD,16,436.134769,23.97067053,0.0009701088228,51.1193
ape,GD,17,435.99007,23.9575378,0.001131333485,54.542
ape,GD,18,435.5001278,23.95372159,0.0009367659093,58.063
ape,GD,19,435.1387392,23.94765399,0.0006475412814,61.5151
ape,GD,20,434.9922081,23.9425612,0.0005927668922,65.3776
ape,GD,21,434.7770413,23.93698028,0.0006121129091,69.1882
ape,GD,22,434.6902576,23.93209598,0.0006581707914,73.0702
ape,GD,23,434.4550915,23.92666821,0.0006765515678,76.6041
ape,GD,24,434.3735147,23.92188193,0.0006910728314,85.6285
ape,GD,25,434.1473926,23.91654725,0.0007028240889,93.588
ape,GD,26,434.0784751,23.91185032,0.0007178800147,101.1209
ape,GD,27,433.8505321,23.90662972,0.0007240240806,106.2315
ape,GD,28,433.7850931,23.90198021,0.0007274654234,110.3739
ape,GD,29,433.5725722,23.8968454,0.0007341643223,115.105
ape,GD,30,433.5199607,23.89231778,0.0007447070403,119.3893
ape,GD,31,433.3062854,23.88725308,0.000748220713,123.5225
ape,GD,32,433.2569705,23.88281652,0.0007500560042,127.2061
ape,GD,33,433.0604179,23.87782479,0.0007565545629,130.6405
ape,GD,34,433.0222938,23.87350913,0.0007668878318,134.7474
ape,GD,35,432.822162,23.86858679,0.0007696884156,138.7129
ape,GD,36,432.7855087,23.86432514,0.0007703162801,142.4174
ape,GD,37,432.6014613,23.8594996,0.0007754078076,146.4677
ape,GD,38,432.5755971,23.85533329,0.0007849948831,150.2788
ape,GD,39,432.3879311,23.8506003,0.0007873569773,154.1145
ape,GD,40,432.3625642,23.84647065,0.000788102577,157.8845
ape,GD,41,432.1890653,23.84182984,0.0007923137382,161.5545
ape,GD,42,432.1731388,23.83780548,0.0008005013815,166.1934
ape,GD,43,431.9951365,23.83323247,0.0008015607552,171.6015
ape,GD,44,431.9797801,23.82925811,0.0008016115234,176.9325
ape,GD,45,431.8174763,23.82476363,0.0008060834481,183.3455
ape,GD,46,431.8102817,23.82089813,0.0008146813107,189.372
ape,GD,47,431.6424864,23.81647084,0.0008156053901,195.4296
ape,GD,48,431.6346422,23.81264364,0.0008152632813,200.8904
ape,GD,49,431.4817043,23.80830493,0.0008193052155,206.256
ape,GD,50,431.4816273,23.80457279,0.0008270084407,212.9904
ape,GD,51,431.3224154,23.80030543,0.0008276476824,218.7713
ape,GD,52,431.3223202,23.79661035,0.0008270093777,224.161
ape,GD,53,431.1756012,23.79242162,0.0008302734044,229.5108
ape,GD,54,431.1822896,23.78882634,0.000836778409,235.0859
ape,GD,55,431.0305891,23.7847006,0.0008371868463,240.4446
ape,GD,56,431.0370262,23.78114163,0.0008363977501,245.837
ape,GD,57,430.8990594,23.77709931,0.0008402150688,251.3457
ape,GD,58,430.9113888,23.77363658,0.0008468894121,257.1164
ape,GD,59,430.7680392,23.76965406,0.0008477505571,262.4645
ape,GD,60,430.7797775,23.76622777,0.000847276967,268.0225
ape,GD,61,430.6482445,23.76232077,0.0008505032556,273.4591
ape,GD,62,430.2608149,23.76070963,0.0004282075859,279.2206
ape,GD,63,430.1266016,23.75639523,0.0003168253932,284.6306
ape,GD,64,430.0875829,23.75481606,0.0002124514279,293.3035
ape,GD,65,430.0525768,23.75096168,0.0002812481385,299.6327
ape,GD,66,429.9939084,23.74936614,0.000241204235,305.3691
ape,GD,67,429.9206917,23.74749722,0.000156034028,314.1034
ape,GD,68,429.9298312,23.74398921,0.0002458431408,322.285
ape,GD,69,429.8358228,23.74219723,0.000202430906,329.041
ape,GD,70,429.8123026,23.74048126,0.0001412048475,336.9054
ape,GD,71,429.8100712,23.73694269,0.000252207371,342.2648
ape,GD,72,429.7524162,23.73532275,0.0002327271011,349.6524
ape,GD,73,429.6922752,23.73356962,0.000163100631,356.5152
ape,GD,74,429.6693547,23.73188943,0.0001338189886,365.0746
ape,GD,75,429.6755042,23.72845213,0.0002485205149,373.3861
ape,GD,76,429.6161529,23.72686051,0.0002312665208,381.9993
ape,GD,77,429.5602651,23.7251558,0.0001621379847,392.5796
ape,GD,78,429.5388125,23.72351427,0.0001344378025,402.4278
ape,GD,79,429.5017734,23.7218415,0.00012536098,412.3781
ape,GD,80,429.4830459,23.72021384,0.0001204344466,421.759
ape,GD,81,429.4910743,23.7169065,0.0002357870435,429.5635
ape,GD,82,429.4366679,23.71534813,0.0002197134855,438.9012
ape,GD,83,429.3874977,23.71370877,0.0001571929115,448.706
ape,GD,84,429.3676483,23.71211718,0.0001329227113,458.1932
ape,GD,85,429.333991,23.7105033,0.0001250176199,468.3444
ape,GD,86,429.3171,23.70892545,0.0001209544258,478.3997
ape,GD,87,429.2867829,23.70733161,0.0001190048949,488.823
ape,GD,88,429.2701852,23.70576635,0.0001176011238,499.1011
ape,GD,89,429.2415104,23.70419007,0.0001166383728,509.3389
ape,GD,90,429.2250928,23.70263779,0.0001158658606,519.191
ape,GD,91,429.197587,23.70107787,0.000115303434,529.1203
ape,GD,92,429.1814283,23.69953876,0.00011489446,540.2195
ape,GD,93,429.1548458,23.69799451,0.000114598714,550.4269
ape,GD,94,429.1389791,23.6964686,0.00011440671,561.628
ape,GD,95,429.1131658,23.6949396,0.0001142661586,573.244
ape,GD,96,429.0976225,23.69342683,0.000114200989,584.5231
ape,GD,97,429.0724709,23.69191284,0.0001141572641,595.5544
ape,GD,98,429.0572675,23.69041311,0.0001141758977,605.9113
ape,GD,99,429.0327056,23.68891388,0.0001141989045,616.1563
ape,GD,100,429.0178435,23.68742711,0.0001142674734,624.521
ape,GD,101,428.9938183,23.68594236,0.0001143232342,633.296
ape,GD,102,428.9792985,23.68446863,0.0001144034857,640.4313
ape,GD,103,428.9557819,23.68299802,0.000114471548,648.7827
ape,GD,104,428.9416157,23.68153741,0.0001145617493,655.6933
ape,GD,105,428.9185867,23.68008066,0.0001146536714,664.2172
ape,GD,106,428.9047643,23.67863316,0.0001147646548,673.3938
ape,GD,107,428.8821889,23.67719009,0.0001148726429,681.0042
ape,GD,108,428.8686975,23.67575568,0.0001149791947,690.0982
ape,GD,109,428.8465392,23.67432613,0.0001150670218,699.7856
ape,GD,110,428.8333775,23.67290475,0.0001151471681,709.1354
ape,GD,111,428.8116167,23.67148854,0.0001152068778,720.542
ape,GD,112,428.7987909,23.67008015,0.0001152683424,733.663
ape,GD,113,428.7774157,23.66867715,0.0001153146857,744.1411
ape,GD,114,428.764926,23.66728169,0.0001153700153,753.3601
ape,GD,115,428.7439269,23.66589176,0.0001154127563,759.9956
ape,GD,116,428.731768,23.66450919,0.0001154663031,767.0489
ape,GD,117,428.711133,23.66313217,0.0001155078023,772.8648
ape,GD,118,428.6992997,23.66176241,0.0001155596332,778.6963
ape,GD,119,428.6790155,23.66039818,0.0001155989654,785.2021
ape,GD,120,428.6675034,23.65904114,0.0001156471456,790.9859
ape,GD,121,428.6475569,23.65768954,0.0001156820638,796.7668
ape,GD,122,428.6363632,23.65634512,0.0001157243159,802.4228
ape,GD,123,428.6167408,23.65500607,0.0001157528971,807.5455
ape,GD,124,428.6058614,23.65367418,0.0001157878816,813.3585
ape,GD,125,428.5865522,23.65234754,0.0001158093363,818.702
ape,GD,126,428.5759817,23.65102809,0.0001158371811,823.552
ape,GD,127,428.5569776,23.64971374,0.0001158532489,827.7998
ape,GD,128,428.546711,23.64840659,0.0001158767716,831.9253
ape,GD,129,428.5280061,23.64710439,0.0001158898303,837.6904
ape,GD,130,428.5180357,23.64580944,0.0001159106682,843.4934
ape,GD,131,428.4996278,23.64451926,0.0001159214178,849.5487
ape,GD,132,428.4899417,23.64323636,0.0001159400114,855.3466
ape,GD,133,428.4718272,23.64195809,0.0001159490605,861.2341
ape,GD,134,428.4624159,23.64068715,0.0001159650379,867.1023
ape,GD,135,428.444588,23.63942064,0.0001159720521,872.888
ape,GD,136,428.4354446,23.63816152,0.0001159855977,878.5936
ape,GD,137,428.4178975,23.63690668,0.0001159913104,884.5771
ape,GD,138,428.4090168,23.63565925,0.000116002817,890.9359
ape,GD,139,428.3917436,23.63441594,0.0001160081017,896.8068
ape,GD,140,428.383121,23.6331801,0.0001160179773,902.5885
ape,GD,141,428.3661144,23.63194825,0.0001160230653,908.3332
ape,GD,142,428.3577439,23.63072384,0.0001160321279,914.1566
ape,GD,143,428.3409983,23.62950334,0.000116037458,920.09
ape,GD,144,428.332874,23.62829023,0.0001160458032,926.0322
ape,GD,145,428.3163831,23.62708096,0.0001160511553,932.0322
ape,GD,146,428.3085001,23.62587906,0.000116058671,937.3864
ape,GD,147,428.2922577,23.62468095,0.0001160637757,942.3516
ape,GD,148,428.2846187,23.62349011,0.000116070713,946.6088
ape,GD,149,428.2686127,23.62230305,0.0001160767235,952.5629
ape,GD,150,428.2612129,23.62112315,0.0001160852062,958.4062
ape,GD,151,428.2454416,23.61994705,0.0001160932122,964.1602
ape,GD,152,428.2382714,23.61877798,0.0001161040881,970.0711
ape,GD,153,428.222734,23.61761271,0.000116115261,976.3743
ape,GD,154,428.2157849,23.61645436,0.0001161312607,981.6647
ape,GD,155,428.2004802,23.61529986,0.0001161475279,987.5047
ape,GD,156,428.1937433,23.61415212,0.0001161689166,993.5473
ape,GD,157,428.1786694,23.61300827,0.0001161908865,999.3434
ape,GD,158,428.1721383,23.61187104,0.0001162187112,1005.5812
ape,GD,159,428.1572922,23.61073773,0.0001162473812,1012.31
ape,GD,160,428.1509689,23.60961094,0.0001162810372,1019.1939
ape,GD,161,428.1363361,23.60848805,0.0001163157469,1025.0357
ape,GD,162,428.1302225,23.60737158,0.0001163524256,1029.6985
ape,GD,163,428.1157885,23.606259,0.00011638793,1035.9604
ape,GD,164,428.1098831,23.6051528,0.000116422828,1041.8984
ape,GD,165,428.0956407,23.60405041,0.0001164562323,1046.5649
ape,GD,166,428.0899402,23.60295439,0.0001164887541,1052.5399
ape,GD,167,428.0758829,23.60186206,0.000116518494,1058.9038
ape,GD,168,428.0703851,23.60077615,0.0001165499607,1065.0665
ape,GD,169,428.0565055,23.59969379,0.0001165771448,1069.4323
ape,GD,170,428.0512071,23.59861787,0.0001166074668,1073.95
ape,GD,171,428.0374987,23.59754538,0.0001166299898,1079.3193
ape,GD,172,428.0323933,23.59647936,0.000116654782,1085.6426
ape,GD,173,428.0188518,23.59541668,0.0001166687651,1089.3381
ape,GD,174,428.0139334,23.59436044,0.0001166833628,1093.0054
ape,GD,175,428.0005566,23.59330749,0.0001166873016,1095.8837
ape,GD,176,427.9958202,23.59226094,0.0001166921423,1101.9012
ape,GD,177,427.9826071,23.5912176,0.0001166887377,1108.4709
ape,GD,178,427.9780497,23.59018062,0.0001166865919,1113.3867
ape,GD,179,427.9649982,23.58914685,0.0001166781986,1118.9405
ape,GD,180,427.9606162,23.58811937,0.0001166719249,1123.5524
ape,GD,181,427.9477243,23.58709508,0.0001166606176,1127.9403
ape,GD,182,427.943515,23.586077,0.0001166519316,1132.2093
ape,GD,183,427.9307791,23.58506208,0.0001166390555,1136.4848
ape,GD,184,427.9267389,23.58405329,0.0001166289871,1140.724
ape,GD,185,427.914157,23.5830477,0.0001166153536,1144.6555
ape,GD,186,427.910283,23.58204815,0.00011660502,1148.5225
ape,GD,187,427.8978514,23.58105178,0.0001165912538,1153.234
ape,GD,188,427.8941403,23.58006136,0.000116580621,1158.8842
ape,GD,189,427.8818564,23.57907413,0.0001165666639,1164.8489
ape,GD,190,427.8783048,23.57809278,0.0001165560083,1169.9878
ape,GD,191,427.8661647,23.5771146,0.0001165420519,1174.1134
ape,GD,192,427.8627703,23.57614222,0.0001165316404,1177.8153
ape,GD,193,427.8507708,23.57517302,0.0001165178902,1182.5926
ape,GD,194,427.8475304,23.57420952,0.000116507857,1186.4286
ape,GD,195,427.8356697,23.57324922,0.0001164947964,1189.7097
ape,GD,196,427.8325797,23.57229451,0.0001164855464,1193.1737
ape,GD,197,427.8208543,23.57134303,0.0001164731726,1197.5917
ape,GD,198,427.8179129,23.57039707,0.0001164643214,1202.6384
ape,GD,199,427.8063197,23.56945433,0.0001164527074,1207.4948
ape,GD,200,427.803524,23.568517,0.0001164449575,1212.422
ape,GD,201,427.79206,23.56758291,0.0001164343879,1217.3641
ape,GD,202,427.7894078,23.56665413,0.0001164276768,1221.6603
ape,GD,203,427.7780697,23.56572863,0.0001164182743,1224.655
ape,GD,204,427.7755591,23.56480833,0.0001164129635,1229.4398
ape,GD,205,427.7643436,23.56389134,0.0001164049098,1234.4576
ape,GD,206,427.7619722,23.56297945,0.0001164006136,1239.4923
ape,GD,207,427.7508758,23.56207088,0.0001163932808,1244.3408
ape,GD,208,427.7486413,23.56116731,0.0001163899212,1248.5433
ape,GD,209,427.7376615,23.5602671,0.0001163836378,1252.8781
ape,GD,210,427.7355613,23.55937176,0.0001163810727,1257.5145
ape,GD,211,427.7246951,23.55847983,0.0001163752332,1262.3389
ape,GD,212,427.7227267,23.55759262,0.0001163733587,1267.3477
ape,GD,213,427.7119722,23.55670889,0.0001163680513,1272.3317
ape,GD,214,427.7101331,23.5558298,0.0001163665744,1275.0026
ape,GD,215,427.6994875,23.5549542,0.0001163615663,1277.5311
ape,GD,216,427.6977744,23.55408313,0.0001163598746,1282.2742
ape,GD,217,427.6872365,23.55321556,0.00011635497,1285.1822
ape,GD,218,427.6856465,23.55235243,0.0001163536189,1288.3383
ape,GD,219,427.6752149,23.55149282,0.0001163482023,1290.4608
ape,GD,220,427.6737438,23.55063756,0.0001163462079,1294.9346
ape,GD,221,427.6634178,23.54978584,0.0001163404779,1299.6932
ape,GD,222,427.6620627,23.54893839,0.0001163380978,1304.8533
ape,GD,223,427.6518406,23.5480945,0.000116332083,1309.7285
ape,GD,224,427.6505981,23.54725475,0.0001163296643,1314.7049
ape,GD,225,427.6404787,23.54641861,0.0001163239835,1320.3113
ape,GD,226,427.6393466,23.54558654,0.0001163218139,1325.3
ape,GD,227,427.6293279,23.54475807,0.0001163160268,1330.2143
ape,GD,228,427.6283033,23.54393359,0.0001163137502,1334.5356
ape,GD,229,427.6183837,23.54311273,0.0001163083668,1339.5302
ape,GD,230,427.617465,23.54229577,0.0001163066559,1343.1147
ape,GD,231,427.6076423,23.54148243,0.0001163018747,1347.9809
ape,GD,232,427.6068274,23.54067293,0.0001163010574,1352.7813
ape,GD,233,427.5971004,23.53986705,0.0001162972084,1355.1625
ape,GD,234,427.5963871,23.53906496,0.0001162971178,1360.0181
ape,GD,235,427.5867542,23.53826647,0.0001162944294,1365.4518
ape,GD,236,427.586141,23.53747169,0.0001162961268,1369.7108
ape,GD,237,427.5766011,23.53668053,0.0001162958764,1371.8488
ape,GD,238,427.5760856,23.535893,0.0001163002486,1376.3915
ape,GD,239,427.5666381,23.5351091,0.0001163034353,1381.5991
ape,GD,240,427.5662188,23.53432878,0.0001163126142,1384.1275
ape,GD,241,427.5568634,23.53355206,0.0001163223974,1386.2277
ape,GD,242,427.5565388,23.53277886,0.0001163390312,1389.489
ape,GD,243,427.5472738,23.53200926,0.0001163571515,1393.2663
ape,GD,244,427.5470428,23.53124314,0.0001163826103,1395.2337
ape,GD,245,427.5378668,23.53048059,0.0001164102912,1397.8302
ape,GD,246,427.5377255,23.52972148,0.0001164433548,1402.9985
ape,GD,247,427.5286338,23.52896589,0.0001164764393,1405.7698
ape,GD,248,427.5285796,23.52821373,0.0001165118093,1407.7993
ape,GD,249,427.5195695,23.52746504,0.000116543911,1410.3923
ape,GD,250,427.5195976,23.52671982,0.0001165751681,1413.6931
ape,GD,251,427.5106667,23.52597793,0.000116600046,1417.9518
ape,GD,252,427.5107743,23.52523956,0.0001166237785,1421.4826
ape,GD,253,427.5019233,23.5245044,0.0001166417763,1425.0244
ape,GD,254,427.5021088,23.52377282,0.000116660231,1430.0381
ape,GD,255,427.493338,23.5230443,0.0001166743316,1433.9767
ape,GD,256,427.4936016,23.52231945,0.0001166909213,1436.2207
ape,GD,257,427.484911,23.52159752,0.0001167053191,1440.1322
ape,GD,258,427.4852535,23.52087936,0.0001167236006,1444.0071
ape,GD,259,427.47664,23.52016393,0.0001167409475,1447.026
ape,GD,260,427.4770609,23.51945238,0.0001167621224,1450.4956
ape,GD,261,427.4685212,23.51874341,0.0001167826073,1454.256
ape,GD,262,427.4690191,23.51803839,0.0001168073526,1457.9647
ape,GD,263,427.4605507,23.5173358,0.0001168303706,1460.884
ape,GD,264,427.4611231,23.51663727,0.0001168556086,1463.359
ape,GD,265,427.4527232,23.51594102,0.000116877363,1467.104
ape,GD,266,427.4533668,23.51524888,0.0001168997541,1470.6967
ape,GD,267,427.4450335,23.51455892,0.0001169173517,1474.1791
ape,GD,268,427.4457478,23.51387311,0.0001169359662,1476.76
ape,GD,269,427.4374796,23.51318938,0.000116950557,1480.3519
ape,GD,270,427.4382631,23.51250982,0.0001169653925,1484.017
ape,GD,271,427.4300585,23.51183228,0.0001169763578,1487.5666
ape,GD,272,427.430912,23.51115894,0.0001169893011,1491.1337
ape,GD,273,427.4227697,23.51048753,0.0001169991,1494.7318
ape,GD,274,427.4236927,23.5098203,0.000117010758,1498.2904
ape,GD,275,427.4156111,23.50915493,0.0001170194857,1501.9416
ape,GD,276,427.4166027,23.5084938,0.0001170303721,1505.2629
ape,GD,277,427.4085808,23.50783445,0.0001170390397,1508.0513
ape,GD,278,427.4096401,23.50717932,0.0001170498163,1511.4917
ape,GD,279,427.4016762,23.50652592,0.0001170584138,1515.3521
ape,GD,280,427.4028027,23.50587676,0.0001170694042,1517.7054
ape,GD,281,427.3948954,23.50522926,0.0001170781085,1520.6545
ape,GD,282,427.3960882,23.504586,0.0001170894184,1523.7515
ape,GD,283,427.3882352,23.50394432,0.0001170986098,1527.2777
ape,GD,284,427.389494,23.50330691,0.0001171100914,1530.6673
ape,GD,285,427.3816943,23.50267101,0.0001171194087,1533.7392
ape,GD,286,427.3830175,23.50203936,0.0001171309098,1537.1989
ape,GD,287,427.3752701,23.50140917,0.0001171405685,1540.6137
ape,GD,288,427.3766573,23.50078327,0.0001171522426,1544.1437
ape,GD,289,427.3689597,23.50015874,0.0001171612767,1547.5139
ape,GD,290,427.37041,23.4995385,0.000117173195,1550.8924
ape,GD,291,427.3627621,23.49891959,0.0001171828422,1554.5298
ape,GD,292,427.3642746,23.49830496,0.0001171951194,1557.9657
ape,GD,293,427.3566748,23.4976916,0.0001172049214,1561.3777
ape,GD,294,427.3582477,23.49708253,0.0001172173645,1564.4371
ape,GD,295,427.3506954,23.49647468,0.00011722739,1567.7094
ape,GD,296,427.3523284,23.49587112,0.0001172397162,1571.1574
ape,GD,297,427.3448223,23.49526872,0.0001172495479,1574.7071
ape,GD,298,427.3465141,23.4946706,0.0001172621616,1578.1104
ape,GD,299,427.3390529,23.49407361,0.0001172721155,1582.3863
ape,GD,300,427.3408024,23.49348089,0.0001172846267,1584.5786
ape,Newton,0,1050.066836,20.0473124,0,0
ape,Newton,1,552.2884194,24.28221568,0.124041019,104.0212
ape,Newton,2,469.9404706,24.41171114,0.0400440591,212.942
ape,Newton,3,446.5718278,24.14601966,0.01820655133,317.9732
ape,Newton,4,438.1554733,23.94392136,0.009605623443,425.2221
ape,Newton,5,434.6440103,23.81410814,0.00552868143,554.5374
ape,Newton,6,433.0180367,23.7318782,0.003378616228,671.8864
ape,Newton,7,432.2023847,23.67906848,0.002159367293,788.7479
ape,Newton,8,431.7660788,23.64450674,0.001429613981,913.4505
ape,Newton,9,431.5200934,23.62145729,0.0009737957134,1035.2823
ape,Newton,10,431.3752409,23.60581841,0.0006790156513,1197.1223
ape,Newton,11,431.2868062,23.59504401,0.0004828190713,1346.6697
ape,Newton,12,431.2311587,23.58751995,0.0003490461358,1491.3171
ape,Newton,13,431.1952317,23.58220283,0.0002559518477,1637.9191
ape,Newton,14,431.1715246,23.57840519,0.0001900120954,1758.7765
ape,Newton,15,431.1555871,23.57566673,0.00014258679,1876.4076
ape,Newton,16,431.1446969,23.57367529,0.0001080129976,2039.838
ape,Newton,17,431.1371447,23.57221592,8.250942369e-05,2156.6964
ape,Newton,18,431.131845,23.57113862,6.349610038e-05,2272.5396
ape,Newton,19,431.1280822,23.57033841,4.919015045e-05,2368.5477
ape,Newton,20,431.1253845,23.56974059,3.833307523e-05,2476.3369
ape,Newton,21,431.1234322,23.56929119,3.003372457e-05,2569.5647
ape,Newton,22,431.1220088,23.56895188,2.364439025e-05,2658.7778
ape,Newton,23,431.1209621,23.56869465,1.869555139e-05,2768.3865
ape,Newton,24,431.120188,23.56849837,1.484120128e-05,2877.777
ape,Newton,25,431.1196121,23.56834827,1.182638333e-05,2976.8076
ape,Newton,26,431.1191807,23.56823306,9.454392864e-06,3096.4969
ape,Newton,27,431.1188567,23.56814434,7.583042235e-06,3211.801
ape,Newton,28,431.1186104,23.56807555,6.098655659e-06,3324.2267
ape,Newton,29,431.1184248,23.56802241,4.919278916e-06,3423.6455
ape,Newton,30,431.1182829,23.56798096,3.979311033e-06,3516.1294
