image,epsilon,k,energy,psnr,rel_change,time_ms
cameraman,0.001000000047,0,927.7778453,20.41011896,0,0
cameraman,0.001000000047,1,473.345862,25.54601073,0.1044137478,117.341
cameraman,0.001000000047,2,397.3223471,26.56885598,0.03219669743,227.7949
cameraman,0.001000000047,3,374.5437366,26.77084723,0.01474935552,321.8587
cameraman,0.001000000047,4,365.6213013,26.81017289,0.008143212454,408.4533
cameraman,0.001000000047,5,361.5312496,26.81102792,0.004991841167,500.4668
cameraman,0.001000000047,6,359.4508304,26.80271028,0.003275988998,614.3398
cameraman,0.001000000047,7,358.3109747,26.79313947,0.002257209191,726.0349
cameraman,0.001000000047,8,357.6495647,26.7844608,0.001613556291,845.8515
cameraman,0.001000000047,9,357.2476492,26.77711581,0.00118749671,936.4095
cameraman,0.001000000047,10,356.9938141,26.77104278,0.0008952372802,1016.2997
cameraman,0.001000000047,11,356.8280886,26.76606053,0.0006888654197,1100.5247
cameraman,0.001000000047,12,356.7166467,26.76197682,0.0005395302908,1189.1166
cameraman,0.001000000047,13,356.6397277,26.75861707,0.000429099519,1278.408
cameraman,0.001000000047,14,356.5854001,26.75584435,0.000345922213,1372.6637
cameraman,0.001000000047,15,356.5462389,26.75354468,0.0002821697626,1461.0197
cameraman,0.001000000047,16,356.5174977,26.751626,0.0002326044759,1544.8979
cameraman,0.001000000047,17,356.4960581,26.75001814,0.000193526517,1632.7097
cameraman,0.001000000047,18,356.4798338,26.74866551,0.0001623489009,1721.3639
cameraman,0.001000000047,19,356.4673949,26.74752206,0.0001372170826,1803.609
cameraman,0.001000000047,20,356.4577466,26.74655011,0.0001167559835,1894.6079
cameraman,0.001000000047,21,356.4501846,26.74572312,9.993554746e-05,1989.825
cameraman,0.001000000047,22,356.4441987,26.7450124,8.601339106e-05,2128.5852
cameraman,0.001000000047,23,356.4394208,26.74440588,7.441283519e-05,2256.6401
cameraman,0.001000000047,24,356.435575,26.74387874,6.46634606e-05,2363.7167
cameraman,0.001000000047,25,356.4324594,26.74342199,5.643575813e-05,2468.4461
cameraman,0.002000000095,0,927.7778453,20.41011896,0,0
cameraman,0.002000000095,1,473.3574259,25.5458764,0.1044114967,93.6196
cameraman,0.002000000095,2,397.3673687,26.5681826,0.03217941853,186.4233
cameraman,0.002000000095,3,374.6556904,26.76940623,0.0146952266,281.9903
cameraman,0.002000000095,4,365.8178537,26.80826523,0.008057134452,381.8882
cameraman,0.002000000095,5,361.8123134,26.80920354,0.00489204145,468.9223
cameraman,0.002000000095,6,359.8054115,26.80136174,0.003173073153,590.5979
cameraman,0.002000000095,7,358.7247942,26.79248468,0.00215683217,679.8346
cameraman,0.002000000095,8,358.1097008,26.7845901,0.001519091241,768.1703
cameraman,0.002000000095,9,357.7432741,26.77803846,0.001100677443,873.1125
cameraman,0.002000000095,10,357.5163601,26.77272705,0.0008164282047,964.1513
cameraman,0.002000000095,11,357.3709799,26.76845134,0.0006176374997,1050.2835
cameraman,0.002000000095,12,357.2750113,26.76500864,0.0004752142317,1143.0478
cameraman,0.002000000095,13,357.2099946,26.76222963,0.000370994455,1227.4392
cameraman,0.002000000095,14,357.1649277,26.75997921,0.0002933840437,1334.7212
cameraman,0.002000000095,15,357.1330583,26.75814709,0.000234659854,1426.7618
cameraman,0.002000000095,16,357.1101172,26.75665124,0.0001896130837,1538.6557
cameraman,0.002000000095,17,357.0933402,26.75542232,0.0001546163369,1640.8643
cameraman,0.002000000095,18,357.0808965,26.75440998,0.000127142522,1752.6993
cameraman,0.002000000095,19,357.0715458,26.75357117,0.0001053276761,1896.4726
cameraman,0.002000000095,20,357.064439,26.75287611,8.786450408e-05,2022.2794
cameraman,0.002000000095,21,357.0589802,26.752294,7.376599892e-05,2124.799
cameraman,0.002000000095,22,357.0547484,26.75180582,6.229468374e-05,2231.813
cameraman,0.002000000095,23,357.0514377,26.75139921,5.289598494e-05,2355.1201
cameraman,0.002000000095,24,357.0488322,26.75105398,4.513469803e-05,2453.3808
cameraman,0.002000000095,25,357.0467617,26.75076238,3.870354087e-05,2549.9837
cameraman,0.004999999888,0,927.7778453,20.41011896,0,0
cameraman,0.004999999888,1,473.4208357,25.54511563,0.1043968713,94.1281
cameraman,0.004999999888,2,397.6361572,26.56469698,0.03207702558,182.8722
cameraman,0.004999999888,3,375.2536504,26.76331906,0.01445333554,282.6011
cameraman,0.004999999888,4,366.7593179,26.80142149,0.007736825995,401.4873
cameraman,0.004999999888,5,363.0457512,26.8031039,0.004551413512,525.7189
cameraman,0.004999999888,6,361.2620546,26.79678575,0.002844058585,616.2287
cameraman,0.004999999888,7,360.3431986,26.78970086,0.001856459039,701.2074
cameraman,0.004999999888,8,359.8423151,26.78357989,0.0012538629,801.1869
cameraman,0.004999999888,9,359.5558965,26.77866619,0.000870789061,891.7369
cameraman,0.004999999888,10,359.3852828,26.77481848,0.0006189854974,983.6203
cameraman,0.004999999888,11,359.2800224,26.77182985,0.0004488267903,1088.2126
cameraman,0.004999999888,12,359.2131189,26.76951311,0.0003311089606,1196.6421
cameraman,0.004999999888,13,359.1694833,26.76771304,0.0002480031794,1302.0288
cameraman,0.004999999888,14,359.1403788,26.76631077,0.0001883094399,1403.1949
cameraman,0.004999999888,15,359.1205866,26.76521493,0.0001447362701,1495.616
cameraman,0.004999999888,16,359.1068991,26.76435522,0.0001124926296,1594.3015
cameraman,0.004999999888,17,359.0972887,26.76367851,8.831832749e-05,1701.7179
cameraman,0.004999999888,18,359.0904525,26.76314394,6.999002107e-05,1833.8487
cameraman,0.004999999888,19,359.0855298,26.76272093,5.593610616e-05,1944.1479
cameraman,0.004999999888,20,359.0819473,26.76238433,4.505605824e-05,2037.6625
cameraman,0.004999999888,21,359.0793169,26.76211547,3.6558882e-05,2137.3968
cameraman,0.004999999888,22,359.0773645,26.76189983,2.985682816e-05,2225.5207
cameraman,0.004999999888,23,359.0759047,26.76172695,2.453368929e-05,2320.3939
cameraman,0.004999999888,24,359.0748093,26.76158794,2.027649203e-05,2429.0518
cameraman,0.004999999888,25,359.0739763,26.761476,1.684519075e-05,2519.5986
cameraman,0.009999999776,0,927.7778453,20.41011896,0,0
cameraman,0.009999999776,1,473.6175746,25.54273335,0.1043474051,100.418
cameraman,0.009999999776,2,398.4372859,26.55547024,0.03178686024,195.0403
cameraman,0.009999999776,3,376.8209313,26.74995629,0.01392933037,297.5248
cameraman,0.009999999776,4,368.9841772,26.78764946,0.007142267214,410.6473
cameraman,0.009999999776,5,365.743846,26.79091154,0.003987679868,501.5476
cameraman,0.009999999776,6,364.2753962,26.78681713,0.002356085183,608.045
cameraman,0.009999999776,7,363.5600798,26.78191697,0.001453774064,700.8807
cameraman,0.009999999776,8,363.1901712,26.77772098,0.0009293748731,799.1173
cameraman,0.009999999776,9,362.9891136,26.77443307,0.0006121470137,917.7169
cameraman,0.009999999776,10,362.8752167,26.77193871,0.0004136443512,1040.2457
cameraman,0.009999999776,11,362.8084118,26.77006864,0.0002857648364,1170.6693
cameraman,0.009999999776,12,362.7680591,26.76867205,0.000201272767,1290.8779
cameraman,0.009999999776,13,362.7430686,26.76762956,0.0001442051161,1408.5265
cameraman,0.009999999776,14,362.727257,26.76685077,0.0001048858669,1511.4541
cameraman,0.009999999776,15,362.7170614,26.76626782,7.732319278e-05,1629.3623
cameraman,0.009999999776,16,362.7103801,26.7658306,5.76922314e-05,1757.2421
cameraman,0.009999999776,17,362.7059379,26.76550139,4.350765797e-05,1895.1931
cameraman,0.009999999776,18,362.7029469,26.76525316,3.313094421e-05,2005.6967
cameraman,0.009999999776,19,362.7009077,26.76506535,2.544661022e-05,2121.4137
cameraman,0.009999999776,20,362.6995004,26.76492256,1.969947431e-05,2235.0372
cameraman,0.009999999776,21,362.6985211,26.76481416,1.535912945e-05,2337.8709
cameraman,0.009999999776,22,362.6978331,26.76473168,1.20540701e-05,2431.3665
cameraman,0.009999999776,23,362.6973447,26.76466789,9.514019464e-06,2523.5196
cameraman,0.009999999776,24,362.696995,26.76461956,7.551172903e-06,2624.7646
cameraman,0.009999999776,25,362.6967431,26.76458194,6.024173474e-06,2728.0389
cameraman,0.01999999955,0,927.7778453,20.41011896,0,0
cameraman,0.01999999955,1,474.3236951,25.53413864,0.1041625219,113.9637
cameraman,0.01999999955,2,400.9719288,26.52854754,0.03094557776,220.0083
cameraman,0.01999999955,3,381.1528548,26.71525586,0.01274751967,320.1912
cameraman,0.01999999955,4,374.5673719,26.75253787,0.006012242532,419.8524
cameraman,0.01999999955,5,372.085503,26.75805874,0.003067317392,522.9566
cameraman,0.01999999955,6,371.0564141,26.7566131,0.001659851133,622.4699
cameraman,0.01999999955,7,370.5954672,26.7540504,0.0009431106682,711.6815
cameraman,0.01999999955,8,370.3757172,26.75176071,0.0005584519226,823.5354
cameraman,0.01999999955,9,370.2655237,26.74998882,0.0003424696641,912.7455
cameraman,0.01999999955,10,370.2079379,26.74868861,0.0002163564405,1013.4872
cameraman,0.01999999955,11,370.1767997,26.74775657,0.0001401825718,1117.6769
cameraman,0.01999999955,12,370.1594673,26.74709593,9.28044586e-05,1236.0583
cameraman,0.01999999955,13,370.1495789,26.7466308,6.258132587e-05,1349.4394
cameraman,0.01999999955,14,370.1438094,26.74630358,4.287096306e-05,1451.6253
cameraman,0.01999999955,15,370.1403803,26.7460737,2.977314011e-05,1538.8451
cameraman,0.01999999955,16,370.1383039,26.74591254,2.092262205e-05,1631.4523
cameraman,0.01999999955,17,370.1370257,26.74579868,1.485607862e-05,1724.4193
cameraman,0.01999999955,18,370.1362298,26.74571846,1.064579644e-05,1818.1461
cameraman,0.01999999955,19,370.135725,26.74566176,7.690972872e-06,1907.0004
cameraman,0.01999999955,20,370.1354027,26.74562129,5.597937008e-06,2008.191
cameraman,0.01999999955,21,370.1351934,26.74559251,4.100597811e-06,2111.6204
cameraman,0.01999999955,22,370.1350551,26.7455726,3.023868473e-06,2220.0281
cameraman,0.01999999955,23,370.1349647,26.74555793,2.24216791e-06,2343.0802
cameraman,0.01999999955,24,370.134905,26.74554706,1.673569762e-06,2454.1958
cameraman,0.01999999955,25,370.1348632,26.7455393,1.256298918e-06,2549.626
cameraman,0.05000000075,0,927.7778453,20.41011896,0,0
cameraman,0.05000000075,1,478.4469519,25.48330253,0.1030600221,96.72
cameraman,0.05000000075,2,412.5295401,26.40616139,0.0276708248,184.889
cameraman,0.05000000075,3,397.7817572,26.56716984,0.009494105144,287.5151
cameraman,0.05000000075,4,393.8144348,26.5981555,0.003652798129,381.2996
cameraman,0.05000000075,5,392.5912081,26.60337368,0.001539493743,470.7957
cameraman,0.05000000075,6,392.1716061,26.60325666,0.0007017056794,568.9807
cameraman,0.05000000075,7,392.0153579,26.60230583,0.0003415750902,671.297
cameraman,0.05000000075,8,391.9533004,26.60148459,0.000175483146,788.7975
cameraman,0.05000000075,9,391.9273127,26.60092123,9.41583866e-05,891.324
cameraman,0.05000000075,10,391.9159352,26.60056517,5.230410507e-05,979.9165
cameraman,0.05000000075,11,391.9107579,26.60034844,2.986954861e-05,1068.947
cameraman,0.05000000075,12,391.9083179,26.60021901,1.744060744e-05,1156.5849
cameraman,0.05000000075,13,391.907134,26.60014234,1.03702251e-05,1252.6476
cameraman,0.05000000075,14,391.9065421,26.60009716,6.260242243e-06,1345.6358
cameraman,0.05000000075,15,391.9062388,26.60007056,3.827305998e-06,1434.4893
cameraman,0.05000000075,16,391.9060795,26.60005485,2.366159778e-06,1530.9764
cameraman,0.05000000075,17,391.9059936,26.60004544,1.477455171e-06,1640.3983
cameraman,0.05000000075,18,391.9059474,26.60004,9.326206639e-07,1731.1045
cameraman,0.05000000075,19,391.9059217,26.60003681,5.962258185e-07,1835.6224
cameraman,0.05000000075,20,391.905908,26.60003469,3.877867997e-07,1924.8932
cameraman,0.05000000075,21,391.905899,26.60003344,2.606470654e-07,2029.9318
cameraman,0.05000000075,22,391.9058935,26.60003286,1.855231711e-07,2161.4833
cameraman,0.05000000075,23,391.9058907,26.6000324,1.442097948e-07,2286.8558
cameraman,0.05000000075,24,391.9058899,26.6000322,1.225339401e-07,2400.4294
cameraman,0.05000000075,25,391.9058901,26.60003196,1.114275064e-07,2527.6423
cameraman,0.1000000015,0,927.7778453,20.41011896,0,0
cameraman,0.1000000015,1,489.566951,25.34261229,0.1000651287,101.7864
cameraman,0.1000000015,2,436.405919,26.126908,0.02221273553,210.769
cameraman,0.1000000015,3,427.3508155,26.24180788,0.005902908977,315.1518
cameraman,0.1000000015,4,425.4759986,26.25918878,0.001791775052,427.7237
cameraman,0.1000000015,5,425.024373,26.26110215,0.0006135952436,520.7011
cameraman,0.1000000015,6,424.9024627,26.2607895,0.0002318085943,615.2649
cameraman,0.1000000015,7,424.8664875,26.26039342,9.451810478e-05,708.091
cameraman,0.1000000015,8,424.8550605,26.26015634,4.087339984e-05,821.029
cameraman,0.1000000015,9,424.8511962,26.26003552,1.851019574e-05,933.7188
cameraman,0.1000000015,10,424.8498136,26.25997756,8.702996398e-06,1032.7968
cameraman,0.1000000015,11,424.8492959,26.25995043,4.221545167e-06,1133.4923
cameraman,0.1000000015,12,424.849092,26.25993799,2.104250715e-06,1234.1267
cameraman,0.1000000015,13,424.8490099,26.25993225,1.074515962e-06,1336.6071
cameraman,0.1000000015,14,424.8489746,26.25992964,5.621768855e-07,1429.6055
cameraman,0.1000000015,15,424.8489598,26.2599284,3.046265875e-07,1548.2409
cameraman,0.1000000015,16,424.8489514,26.25992792,1.758024109e-07,1655.7464
cameraman,0.1000000015,17,424.848948,26.25992766,1.156338554e-07,1756.3491
cameraman,0.1000000015,18,424.8489467,26.25992753,9.0889006e-08,1916.9618
cameraman,0.1000000015,19,424.8489471,26.25992747,8.177331587e-08,2069.4191
cameraman,0.1000000015,20,424.8489465,26.25992749,7.943920105e-08,2271.264
cameraman,0.1000000015,21,424.8489455,26.2599274,7.80728522e-08,2380.6774
cameraman,0.1000000015,22,424.8489462,26.25992745,7.719356579e-08,2475.4201
cameraman,0.1000000015,23,424.8489458,26.25992747,7.648716774e-08,2549.6208
cameraman,0.1000000015,24,424.8489461,26.25992749,7.71419402e-08,2627.8754
cameraman,0.1000000015,25,424.8489461,26.25992744,7.811858259e-08,2698.7129
barbara,0.001000000047,0,975.1064,20.09411666,0,0
barbara,0.001000000047,1,502.3722065,25.10344158,0.1176548589,68.6833
barbara,0.001000000047,2,425.4302361,25.71370015,0.03742916583,139.2979
barbara,0.001000000047,3,403.7391085,25.58624369,0.01710643079,214.9511
barbara,0.001000000047,4,395.7118823,25.42137252,0.00928597436,285.7624
barbara,0.001000000047,5,392.1658925,25.29698642,0.00560945575,354.2306
barbara,0.001000000047,6,390.3917516,25.20872911,0.003657181449,424.6159
barbara,0.001000000047,7,389.4207085,25.14573535,0.002525209344,501.2447
barbara,0.001000000047,8,388.851861,25.09986909,0.001820289028,581.2104
barbara,0.001000000047,9,388.5003029,25.0657645,0.001356435624,691.5494
barbara,0.001000000047,10,388.273446,25.03991526,0.001037690991,776.9614
barbara,0.001000000047,11,388.1217747,25.01998225,0.0008110163516,865.5027
barbara,0.001000000047,12,388.0173368,25.00438062,0.0006453020536,959.0526
barbara,0.001000000047,13,387.943588,24.99201098,0.0005212964407,1050.837
barbara,0.001000000047,14,387.8903561,24.98209096,0.0004266328351,1134.6506
barbara,0.001000000047,15,387.8511986,24.97405357,0.0003531071846,1219.3629
barbara,0.001000000047,16,387.8219127,24.9674834,0.0002951431871,1303.9035
barbara,0.001000000047,17,387.7996864,24.96206651,0.0002488416765,1387.8539
barbara,0.001000000047,18,387.7825952,24.95757014,0.0002114216404,1478.5756
barbara,0.001000000047,19,387.7692914,24.95381207,0.0001808713815,1559.0801
barbara,0.001000000047,20,387.7588213,24.95064907,0.0001556859476,1664.5581
barbara,0.001000000047,21,387.7505006,24.94797417,0.0001347545945,1766.0112
barbara,0.001000000047,22,387.7438267,24.94570182,0.0001172467644,1847.383
barbara,0.001000000047,23,387.7384285,24.94375716,0.000102485155,1950.1995
barbara,0.001000000047,24,387.7340288,24.94208978,8.994140657e-05,2037.0024
barbara,0.001000000047,25,387.7304174,24.94065145,7.92536618e-05,2123.1007
barbara,0.002000000095,0,975.1064,20.09411666,0,0
barbara,0.002000000095,1,502.3778723,25.10342191,0.1176526013,99.3332
barbara,0.002000000095,2,425.4560153,25.71405034,0.03741399578,189.7545
barbara,0.002000000095,3,403.8021867,25.58774076,0.01706642491,278.3425
barbara,0.002000000095,4,395.823658,25.42458235,0.00922596014,384.1571
barbara,0.002000000095,5,392.3285533,25.3020035,0.005543987899,486.4497
barbara,0.002000000095,6,390.6008266,25.2154359,0.003591464985,592.2009
barbara,0.002000000095,7,389.669417,25.15399277,0.002459646025,677.9708
barbara,0.002000000095,8,389.1331154,25.10957899,0.001755839411,766.4584
barbara,0.002000000095,9,388.8076488,25.07684475,0.001293923147,852.954
barbara,0.002000000095,10,388.6015269,25.05227642,0.0009779211643,938.1567
barbara,0.002000000095,11,388.4662496,25.03353857,0.0007545289597,1031.8656
barbara,0.002000000095,12,388.3747615,25.01904716,0.0005923252943,1136.3268
barbara,0.002000000095,13,388.3112965,25.00770134,0.0004718380135,1247.1949
barbara,0.002000000095,14,388.2662739,24.99872218,0.0003806068352,1335.997
barbara,0.002000000095,15,388.2337105,24.99154899,0.0003103505316,1432.5884
barbara,0.002000000095,16,388.2097469,24.9857683,0.0002554604967,1542.858
barbara,0.002000000095,17,388.1918384,24.98107444,0.0002120417995,1654.7881
barbara,0.002000000095,18,388.1782701,24.97723805,0.0001773064749,1754.9315
barbara,0.002000000095,19,388.1678667,24.97408136,0.0001492367154,1863.9134
barbara,0.002000000095,20,388.1597963,24.97147028,0.0001263673617,1984.6852
barbara,0.002000000095,21,388.1534744,24.96929883,0.00010757376,2118.8147
barbara,0.002000000095,22,388.1484759,24.96748482,9.201536666e-05,2234.2816
barbara,0.002000000095,23,388.1444901,24.96596252,7.90661795e-05,2452.5298
barbara,0.002000000095,24,388.1412879,24.9646808,6.820391821e-05,2595.2244
barbara,0.002000000095,25,388.1386962,24.96359724,5.905986849e-05,2719.9564
barbara,0.004999999888,0,975.1064,20.09411666,0,0
barbara,0.004999999888,1,502.4182631,25.10326727,0.1176372108,136.9923
barbara,0.004999999888,2,425.6296757,25.71601608,0.03732030628,234.8731
barbara,0.004999999888,3,404.1757736,25.5954513,0.01687095842,329.4327
barbara,0.004999999888,4,396.4040728,25.43946765,0.008982313865,461.8115
barbara,0.004999999888,5,393.0892577,25.32374774,0.005294568034,586.7267
barbara,0.004999999888,6,391.5052531,25.24334251,0.003349892504,703.6915
barbara,0.004999999888,7,390.6827838,25.18743608,0.002232102459,825.2686
barbara,0.004999999888,8,390.2272034,25.14799765,0.001546266283,945.472
barbara,0.004999999888,9,389.9610607,25.11970655,0.001104026396,1061.0698
barbara,0.004999999888,10,389.7986109,25.09908576,0.0008076083449,1181.5198
barbara,0.004999999888,11,389.6957239,25.08384317,0.0006026035638,1304.8734
barbara,0.004999999888,12,389.6284759,25.07243585,0.0004571012195,1426.7093
barbara,0.004999999888,13,389.5833363,25.06380726,0.0003515620104,1575.9285
barbara,0.004999999888,14,389.552336,25.0572192,0.000273593517,1710.6757
barbara,0.004999999888,15,389.5306158,25.05214781,0.0002150902049,1837.5931
barbara,0.004999999888,16,389.5151383,25.04821564,0.0001705959815,1970.3811
barbara,0.004999999888,17,389.5039395,25.04514677,0.0001363691723,2096.863
barbara,0.004999999888,18,389.4957259,25.04273867,0.0001097670486,2224.9585
barbara,0.004999999888,19,389.4896288,25.04083801,8.889782761e-05,2354.3466
barbara,0.004999999888,20,389.4850534,25.03933142,7.24056837e-05,2479.297
barbara,0.004999999888,21,389.4815878,25.0381323,5.926507021e-05,2604.3638
barbara,0.004999999888,22,389.4789394,25.03717396,4.873501298e-05,2729.1776
barbara,0.004999999888,23,389.4768988,25.03640474,4.024449832e-05,2847.0634
barbara,0.004999999888,24,389.4753154,25.03578584,3.336193989e-05,2962.1839
barbara,0.004999999888,25,389.4740811,25.03528597,2.77507135e-05,3088.3094
barbara,0.009999999776,0,975.1064,20.09411666,0,0
barbara,0.009999999776,1,502.5641304,25.1026068,0.1175842483,130.6282
barbara,0.009999999776,2,426.2002202,25.72096518,0.03704370533,260.021
barbara,0.009999999776,3,405.2448093,25.61358097,0.01641402083,388.5968
barbara,0.009999999776,4,397.8869976,25.47181845,0.008484793462,516.8787
barbara,0.009999999776,5,394.8753047,25.36881176,0.004823830846,645.3563
barbara,0.009999999776,6,393.5000642,25.29933402,0.002930939,772.4247
barbara,0.009999999776,7,392.8174564,25.25269474,0.001871106627,896.4109
barbara,0.009999999776,8,392.4552172,25.22104645,0.0012406021,1016.626
barbara,0.009999999776,9,392.2521586,25.19927151,0.0008472958219,1142.0513
barbara,0.009999999776,10,392.1330739,25.18408841,0.0005924974169,1274.6411
barbara,0.009999999776,11,392.0605597,25.17337485,0.0004223056165,1384.5804
barbara,0.009999999776,12,392.0149904,25.16573556,0.0003057644362,1503.2193
barbara,0.009999999776,13,391.9855863,25.16023971,0.0002243037028,1624.5717
barbara,0.009999999776,14,391.9661807,25.15625424,0.0001663822573,1743.128
barbara,0.009999999776,15,391.9531265,25.15334456,0.0001246043803,1866.8662
barbara,0.009999999776,16,391.9441982,25.15120709,9.409513251e-05,1995.2132
barbara,0.009999999776,17,391.9380042,25.14962847,7.158090661e-05,2116.2081
barbara,0.009999999776,18,391.9336529,25.14845709,5.480784404e-05,2240.4493
barbara,0.009999999776,19,391.9305611,25.14758388,4.221499975e-05,2356.905
barbara,0.009999999776,20,391.9283421,25.14693066,3.268933366e-05,2483.1681
barbara,0.009999999776,21,391.926737,25.14643967,2.543767763e-05,2605.3375
barbara,0.009999999776,22,391.925567,25.14606989,1.988299027e-05,2730.268
barbara,0.009999999776,23,391.9247059,25.14578999,1.560608735e-05,2854.4165
barbara,0.009999999776,24,391.924069,25.14557787,1.229793413e-05,2990.0472
barbara,0.009999999776,25,391.9235951,25.14541657,9.725568726e-06,3117.302
barbara,0.01999999955,0,975.1064,20.09411666,0,0
barbara,0.01999999955,1,503.1399829,25.09941737,0.117384747,127.9713
barbara,0.01999999955,2,428.1544489,25.73168492,0.03620642098,259.7426
barbara,0.01999999955,3,408.450669,25.65396781,0.01530059435,386.1011
barbara,0.01999999955,4,401.940575,25.54101847,0.007426650125,508.4968
barbara,0.01999999955,5,399.4524593,25.46195849,0.003936787066,626.2394
barbara,0.01999999955,6,398.3909593,25.41152216,0.002226050383,749.1393
barbara,0.01999999955,7,397.897283,25.37976216,0.001321797925,872.2628
barbara,0.01999999955,8,397.6513735,25.35965537,0.0008146843949,997.5947
barbara,0.01999999955,9,397.5219526,25.34680411,0.0005167469719,1118.6115
barbara,0.01999999955,10,397.4507431,25.33850916,0.0003352036669,1242.7893
barbara,0.01999999955,11,397.4101251,25.33310717,0.0002213588451,1372.6939
barbara,0.01999999955,12,397.3862607,25.32956142,0.0001483209876,1494.128
barbara,0.01999999955,13,397.3718925,25.32721797,0.0001005942867,1623.582
barbara,0.01999999955,14,397.3630631,25.32566015,6.89327776e-05,1755.0291
barbara,0.01999999955,15,397.3575451,25.32461864,4.766253669e-05,1888.9771
barbara,0.01999999955,16,397.3540431,25.3239191,3.321661095e-05,2009.617
barbara,0.01999999955,17,397.3517923,25.32344741,2.331468956e-05,2152.7138
barbara,0.01999999955,18,397.3503316,25.32312809,1.646951861e-05,2296.7833
barbara,0.01999999955,19,397.3493722,25.32291083,1.170338271e-05,2422.1044
barbara,0.01999999955,20,397.3487378,25.32276309,8.362976744e-06,2535.2045
barbara,0.01999999955,21,397.3483152,25.3226619,6.005380855e-06,2655.6984
barbara,0.01999999955,22,397.3480323,25.32259251,4.33432349e-06,2778.8178
barbara,0.01999999955,23,397.3478405,25.32254473,3.141795635e-06,2902.7105
barbara,0.01999999955,24,397.3477106,25.32251184,2.288867243e-06,3026.9874
barbara,0.01999999955,25,397.3476222,25.3224891,1.675036353e-06,3145.3532
barbara,0.05000000075,0,975.1064,20.09411666,0,0
barbara,0.05000000075,1,506.7869987,25.07262521,0.1161827842,124.9978
barbara,0.05000000075,2,437.8997235,25.73785448,0.03273931286,252.3631
barbara,0.05000000075,3,422.1563329,25.7359965,0.01186075415,382.5853
barbara,0.05000000075,4,417.7264726,25.68790065,0.004838431513,507.5666
barbara,0.05000000075,5,416.2796135,25.65567815,0.0021548127,637.1329
barbara,0.05000000075,6,415.7503452,25.63756877,0.001025232088,763.3403
barbara,0.05000000075,7,415.5395081,25.62780364,0.0005120579948,875.3083
barbara,0.05000000075,8,415.4499186,25.62259129,0.0002651089802,989.371
barbara,0.05000000075,9,415.4099077,25.61981038,0.000141071695,1116.4223
barbara,0.05000000075,10,415.3913307,25.61832248,7.672420298e-05,1233.9323
barbara,0.05000000075,11,415.3824319,25.61752329,4.249352193e-05,1345.2443
barbara,0.05000000075,12,415.3780603,25.61709211,2.391019672e-05,1466.854
barbara,0.05000000075,13,415.3758675,25.61685862,1.364802034e-05,1596.7077
barbara,0.05000000075,14,415.3747476,25.61673158,7.895511784e-06,1728.1709
barbara,0.05000000075,15,415.374168,25.61666215,4.62570801e-06,1855.8238
barbara,0.05000000075,16,415.3738635,25.61662404,2.744576569e-06,1980.3302
barbara,0.05000000075,17,415.3737021,25.6166032,1.648063356e-06,2135.1744
barbara,0.05000000075,18,415.3736156,25.61659164,1.003053939e-06,2255.584
barbara,0.05000000075,19,415.373569,25.61658522,6.19950086e-07,2381.7809
barbara,0.05000000075,20,415.3735433,25.61658156,3.914274979e-07,2511.3616
barbara,0.05000000075,21,415.3735288,25.61657971,2.57378492e-07,2637.3359
barbara,0.05000000075,22,415.3735211,25.61657863,1.798167013e-07,2764.7176
barbara,0.05000000075,23,415.3735164,25.61657801,1.384010005e-07,2878.3338
barbara,0.05000000075,24,415.3735142,25.61657769,1.174127849e-07,2995.7051
barbara,0.05000000075,25,415.3735124,25.61657748,1.084568011e-07,3115.0173
barbara,0.1000000015,0,975.1064,20.09411666,0,0
barbara,0.1000000015,1,517.1625849,24.97620412,0.1128766643,114.047
barbara,0.1000000015,2,459.7378767,25.63938739,0.026576656,226.6749
barbara,0.1000000015,3,449.229825,25.69711044,0.00756590787,343.6512
barbara,0.1000000015,4,446.8576718,25.69419248,0.002430867051,462.4279
barbara,0.1000000015,5,446.2340928,25.689075,0.0008582426896,580.746
barbara,0.1000000015,6,446.0513531,25.68629032,0.0003243543293,698.2266
barbara,0.1000000015,7,445.993414,25.68501111,0.0001287789666,817.1825
barbara,0.1000000015,8,445.9739288,25.68445527,5.306639043e-05,949.3941
barbara,0.1000000015,9,445.9670698,25.68421896,2.252066764e-05,1062.3857
barbara,0.1000000015,10,445.9645652,25.68411941,9.79410406e-06,1188.6671
barbara,0.1000000015,11,445.9636222,25.68407753,4.350137533e-06,1369.0769
barbara,0.1000000015,12,445.9632587,25.68405987,1.969583922e-06,1518.963
barbara,0.1000000015,13,445.9631153,25.68405243,9.082388129e-07,1630.6837
barbara,0.1000000015,14,445.9630581,25.68404923,4.304388056e-07,1760.7243
barbara,0.1000000015,15,445.9630351,25.68404792,2.148175778e-07,1886.9997
barbara,0.1000000015,16,445.9630248,25.68404735,1.237202229e-07,1997.1018
barbara,0.1000000015,17,445.963019,25.68404711,9.027184214e-08,2096.7259
barbara,0.1000000015,18,445.9630187,25.68404701,8.082011896e-08,2205.2391
barbara,0.1000000015,19,445.9630178,25.68404701,7.718758945e-08,2309.4681
barbara,0.1000000015,20,445.9630176,25.68404694,7.618571958e-08,2415.7376
barbara,0.1000000015,21,445.9630179,25.68404698,7.606347979e-08,2516.8442
barbara,0.1000000015,22,445.9630173,25.68404696,7.678857591e-08,2613.1989
barbara,0.1000000015,23,445.9630171,25.68404695,7.622245032e-08,2712.557
barbara,0.1000000015,24,445.9630181,25.68404693,7.675186919e-08,2820.8435
barbara,0.1000000015,25,445.9630184,25.68404698,7.649997606e-08,2927.403
ape,0.001000000047,0,1050.066836,20.0473124,0,0
ape,0.001000000047,1,552.0950997,24.28248008,0.1241095135,102.6142
ape,0.001000000047,2,469.1705607,24.40447138,0.0404211887,225.9007
ape,0.001000000047,3,445.0804111,24.12076153,0.01888611914,352.2712
ape,0.001000000047,4,436.0098718,23.89712065,0.01039929368,475.68
ape,0.001000000047,5,431.9802989,23.74633408,0.006313541747,594.5608
ape,0.001000000047,6,429.9688369,23.64506388,0.004108497398,712.2127
ape,0.001000000047,7,428.8744414,23.5754164,0.002819978084,829.039
ape,0.001000000047,8,428.2377196,23.52618362,0.002018294324,955.3192
ape,0.001000000047,9,427.8466771,23.49045374,0.001493809843,1074.7943
ape,0.001000000047,10,427.5956418,23.46389989,0.001136390436,1193.3965
ape,0.001000000047,11,427.4284631,23.4437501,0.0008843217154,1326.3868
ape,0.001000000047,12,427.3136089,23.42818772,0.0007013408349,1452.1964
ape,0.001000000047,13,427.2325903,23.41598409,0.0005652705997,1573.6195
ape,0.001000000047,14,427.1741329,23.40629188,0.0004619215306,1700.0023
ape,0.001000000047,15,427.1311272,23.39850712,0.000381985171,1826.138
ape,0.001000000047,16,427.0989483,23.39219298,0.0003191445167,1950.5834
ape,0.001000000047,17,427.0745126,23.38702865,0.000269019785,2072.3172
ape,0.001000000047,18,427.0557055,23.38277012,0.0002285833679,2193.8526
ape,0.001000000047,19,427.0410544,23.37923293,0.0001955744579,2322.8924
ape,0.001000000047,20,427.0295179,23.37627715,0.0001683538012,2433.8147
ape,0.001000000047,21,427.0203436,23.3737924,0.0001457478551,2549.6609
ape,0.001000000047,22,427.012982,23.37169254,0.0001267970498,2674.9434
ape,0.001000000047,23,427.0070276,23.36990769,0.0001108152247,2798.7973
ape,0.001000000047,24,427.0021755,23.36838412,9.725437319e-05,2911.873
ape,0.001000000047,25,426.9981935,23.36707829,8.565375334e-05,3031.733
ape,0.002000000095,0,1050.066836,20.0473124,0,0
ape,0.002000000095,1,552.1010844,24.28247719,0.1241073423,121.8239
ape,0.002000000095,2,469.1972379,24.40476048,0.04040670784,239.3629
ape,0.002000000095,3,445.1433591,24.12194929,0.0188487211,366.3904
ape,0.002000000095,4,436.1179437,23.89961298,0.01034409349,494.1764
ape,0.002000000095,5,432.1346891,23.75024531,0.006253288185,620.2043
ape,0.002000000095,6,430.166113,23.65037748,0.004047849014,737.3814
ape,0.002000000095,7,429.1087927,23.58209281,0.002759669057,858.3657
ape,0.002000000095,8,428.5026771,23.53416578,0.001959029005,977.1733
ape,0.002000000095,9,428.136316,23.49967972,0.001436239124,1098.8274
ape,0.002000000095,10,427.9049781,23.47430951,0.00108089826,1213.4767
ape,0.002000000095,11,427.7534809,23.45528505,0.000831218916,1327.4474
ape,0.002000000095,12,427.6511543,23.44078546,0.0006509025311,1447.8465
ape,0.002000000095,13,427.5801891,23.4295794,0.0005175995912,1578.8206
ape,0.002000000095,14,427.5298427,23.42081456,0.0004170451811,1748.5478
ape,0.002000000095,15,427.493412,23.4138879,0.0003398586336,1902.6705
ape,0.002000000095,16,427.4665884,23.40836211,0.0002796710611,2029.1783
ape,0.002000000095,17,427.4465322,23.40391704,0.0002321427419,2139.5338
ape,0.002000000095,18,427.4313289,23.40031413,0.0001941408198,2254.1992
ape,0.002000000095,19,427.4196617,23.39737397,0.0001634546988,2366.7307
ape,0.002000000095,20,427.4106084,23.39495948,0.0001384307911,2468.2442
ape,0.002000000095,21,427.4035134,23.39296508,0.0001178679099,2586.4793
ape,0.002000000095,22,427.3979023,23.39130896,0.0001008414471,2694.6777
ape,0.002000000095,23,427.3934286,23.38992693,8.666522151e-05,2803.1344
ape,0.002000000095,24,427.3898327,23.38876976,7.476908431e-05,2918.0306
ape,0.002000000095,25,427.3869245,23.38779596,6.474950388e-05,3031.6827
ape,0.004999999888,0,1050.066836,20.0473124,0,0
ape,0.004999999888,1,552.1425519,24.28244059,0.124092473,116.7347
ape,0.004999999888,2,469.3727968,24.40654392,0.04031589518,227.8103
ape,0.004999999888,3,445.5128514,24.12857438,0.01866057056,349.3719
ape,0.004999999888,4,436.6845551,23.91242192,0.01010889868,467.2481
ape,0.004999999888,5,432.8728059,23.76933898,0.006010720034,584.7459
ape,0.004999999888,6,431.040961,23.67540523,0.003812133198,697.9906
ape,0.004999999888,7,430.0870437,23.6125861,0.002536812053,817.9093
ape,0.004999999888,8,429.5575417,23.56962502,0.001752370647,932.6125
ape,0.004999999888,9,429.2478533,23.5396107,0.001247171579,1049.2589
ape,0.004999999888,10,429.0586567,23.51823539,0.0009095002859,1159.943
ape,0.004999999888,11,428.9387574,23.50275553,0.0006767902819,1277.9906
ape,0.004999999888,12,428.8603827,23.49138219,0.000512237955,1389.2507
ape,0.004999999888,13,428.8077665,23.48291969,0.0003933292904,1508.2552
ape,0.004999999888,14,428.7716218,23.47655346,0.0003057885044,1619.6237
ape,0.004999999888,15,428.7462927,23.47171687,0.0002402883158,1733.9548
ape,0.004999999888,16,428.7282292,23.46800954,0.0001906032425,1847.5431
ape,0.004999999888,17,428.7151487,23.46514573,0.000152449746,1962.5155
ape,0.004999999888,18,428.7055481,23.46291705,0.0001228291123,2072.6938
ape,0.004999999888,19,428.6984151,23.461172,9.961806441e-05,2187.8756
ape,0.004999999888,20,428.6930601,23.45979708,8.127598679e-05,2304.7177
ape,0.004999999888,21,428.6890012,23.45870796,6.666631975e-05,2425.8765
ape,0.004999999888,22,428.6858979,23.45784106,5.494982093e-05,2542.9173
ape,0.004999999888,23,428.6835071,23.45714806,4.549360245e-05,2663.249
ape,0.004999999888,24,428.6816526,23.45659129,3.78214476e-05,2782.7991
ape,0.004999999888,25,428.6802034,23.45614226,3.15586189e-05,2898.763
ape,0.009999999776,0,1050.066836,20.0473124,0,0
ape,0.009999999776,1,552.2884194,24.28221568,0.124041019,110.7315
ape,0.009999999776,2,469.9404706,24.41171114,0.0400440591,225.1099
ape,0.009999999776,3,446.5718278,24.14601966,0.01820655133,337.6551
ape,0.009999999776,4,438.1554733,23.94392136,0.009605623443,450.1934
ape,0.009999999776,5,434.6440103,23.81410814,0.00552868143,573.4928
ape,0.009999999776,6,433.0180367,23.7318782,0.003378616228,687.674
ape,0.009999999776,7,432.2023847,23.67906848,0.002159367293,806.1226
ape,0.009999999776,8,431.7660788,23.64450674,0.001429613981,925.2452
ape,0.009999999776,9,431.5200934,23.62145729,0.0009737957134,1051.8277
ape,0.009999999776,10,431.3752409,23.60581841,0.0006790156513,1167.2295
ape,0.009999999776,11,431.2868062,23.59504401,0.0004828190713,1282.7393
ape,0.009999999776,12,431.2311587,23.58751995,0.0003490461358,1402.4873
ape,0.009999999776,13,431.1952317,23.58220283,0.0002559518477,1527.7101
ape,0.009999999776,14,431.1715246,23.57840519,0.0001900120954,1662.6147
ape,0.009999999776,15,431.1555871,23.57566673,0.00014258679,1788.6785
ape,0.009999999776,16,431.1446969,23.57367529,0.0001080129976,1912.9248
ape,0.009999999776,17,431.1371447,23.57221592,8.250942369e-05,2036.3407
ape,0.009999999776,18,431.131845,23.57113862,6.349610038e-05,2163.3379
ape,0.009999999776,19,431.1280822,23.57033841,4.919015045e-05,2287.9837
ape,0.009999999776,20,431.1253845,23.56974059,3.833307523e-05,2417.3336
ape,0.009999999776,21,431.1234322,23.56929119,3.003372457e-05,2546.4703
ape,0.009999999776,22,431.1220088,23.56895188,2.364439025e-05,2678.9153
ape,0.009999999776,23,431.1209621,23.56869465,1.869555139e-05,2807.639
ape,0.009999999776,24,431.120188,23.56849837,1.484120128e-05,2935.3668
ape,0.009999999776,25,431.1196121,23.56834827,1.182638333e-05,3048.4093
ape,0.01999999955,0,1050.066836,20.0473124,0,0
ape,0.01999999955,1,552.854576,24.28087617,0.1238463718,116.641
ape,0.01999999955,2,471.8749656,24.42646486,0.03920899612,240.4058
ape,0.01999999955,3,449.7726233,24.19232322,0.01706464977,367.295
ape,0.01999999955,4,442.2309637,24.02231547,0.008491144276,495.7459
ape,0.01999999955,5,439.2646846,23.91986356,0.004574032948,619.4201
ape,0.01999999955,6,437.9685509,23.85944496,0.002606512484,758.3142
ape,0.01999999955,7,437.3543489,23.82348762,0.001550687313,952.8683
ape,0.01999999955,8,437.0440643,23.80174107,0.00095467984,1081.4079
ape,0.01999999955,9,436.8791,23.78836521,0.0006043227147,1272.5486
ape,0.01999999955,10,436.7877093,23.78000642,0.0003914295989,1455.0631
ape,0.01999999955,11,436.7353548,23.77470734,0.0002584577633,1564.8094
ape,0.01999999955,12,436.7045211,23.77130462,0.0001734535793,1679.859
ape,0.01999999955,13,436.6859343,23.76909439,0.0001180356099,1800.5335
ape,0.01999999955,14,436.6745064,23.76764372,8.128784016e-05,1934.1335
ape,0.01999999955,15,436.6673591,23.76668288,5.656538058e-05,2064.6417
ape,0.01999999955,16,436.6628227,23.76604109,3.971955328e-05,2185.9302
ape,0.01999999955,17,436.6599048,23.76560911,2.811441059e-05,2303.8966
ape,0.01999999955,18,436.6580062,23.76531629,2.004181997e-05,2419.1095
ape,0.01999999955,19,436.6567581,23.76511661,1.437807476e-05,2536.5807
ape,0.01999999955,20,436.6559279,23.76497946,1.037429996e-05,2677.9372
ape,0.01999999955,21,436.6553734,23.76488489,7.524277021e-06,2783.2992
ape,0.01999999955,22,436.6549986,23.76481948,5.483142549e-06,2940.3261
ape,0.01999999955,23,436.6547448,23.76477377,4.014518581e-06,3153.2782
ape,0.01999999955,24,436.6545694,23.76474187,2.951112601e-06,3281.5791
ape,0.01999999955,25,436.6544502,23.76471947,2.178079412e-06,3403.5669
ape,0.05000000075,0,1050.066836,20.0473124,0,0
ape,0.05000000075,1,556.414388,24.26790326,0.1226684112,123.7923
ape,0.05000000075,2,481.5652761,24.47489701,0.03568485163,251.1752
ape,0.05000000075,3,463.6191509,24.33848068,0.01341545596,437.6947
ape,0.05000000075,4,458.3254533,24.24918358,0.005637334767,593.578
ape,0.05000000075,5,456.5228335,24.20363375,0.00255409198,676.5562
ape,0.05000000075,6,455.84083,24.18122261,0.001224840443,757.4264
ape,0.05000000075,7,455.5620375,24.17015478,0.0006137054609,837.7504
ape,0.05000000075,8,455.4412598,24.16461579,0.0003182230429,925.0147
ape,0.05000000075,9,455.3865543,24.16180191,0.0001695663176,1012.4598
ape,0.05000000075,10,455.3608882,24.16035166,9.23670253e-05,1094.526
ape,0.05000000075,11,455.3484964,24.15959453,5.123435723e-05,1170.754
ape,0.05000000075,12,455.3423685,24.15919442,2.885452012e-05,1254.091
ape,0.05000000075,13,455.3392768,24.1589808,1.646223207e-05,1355.4152
ape,0.05000000075,14,455.3376878,24.15886561,9.498746453e-06,1458.956
ape,0.05000000075,15,455.3368615,24.15880305,5.535338643e-06,1561.1136
ape,0.05000000075,16,455.3364235,24.15876873,3.255492953e-06,1664.0253
ape,0.05000000075,17,455.3361903,24.15874981,1.930057612e-06,1773.7856
ape,0.05000000075,18,455.3360633,24.15873932,1.154996655e-06,1870.6864
ape,0.05000000075,19,455.3359946,24.15873347,6.988823577e-07,1963.9465
ape,0.05000000075,20,455.3359561,24.15873017,4.299391898e-07,2073.6192
ape,0.05000000075,21,455.3359352,24.15872828,2.734181145e-07,2186.4634
ape,0.05000000075,22,455.3359236,24.15872721,1.857843753e-07,2289.9334
ape,0.05000000075,23,455.3359164,24.15872661,1.40333867e-07,2388.9987
ape,0.05000000075,24,455.3359121,24.15872628,1.176694857e-07,2481.9574
ape,0.05000000075,25,455.3359104,24.15872611,1.086780535e-07,2584.9855
ape,0.1000000015,0,1050.066836,20.0473124,0,0
ape,0.1000000015,1,566.5937368,24.21642197,0.1194064437,94.5044
ape,0.1000000015,2,503.4738929,24.50563551,0.0293101112,200.3958
ape,0.1000000015,3,491.2083833,24.4738075,0.008728609697,304.1897
ape,0.1000000015,4,488.2762141,24.4495374,0.002896998676,406.5964
ape,0.1000000015,5,487.4666546,24.43906724,0.001043897949,514.2103
ape,0.1000000015,6,487.219679,24.43489268,0.0003999472504,649.5719
ape,0.1000000015,7,487.1387734,24.4332445,0.000160469369,767.3731
ape,0.1000000015,8,487.1108214,24.4325893,6.673331382e-05,872.5854
ape,0.1000000015,9,487.1007556,24.43232593,2.85644131e-05,987.4134
ape,0.1000000015,10,487.0970069,24.43221886,1.252417179e-05,1079.3387
ape,0.1000000015,11,487.0955709,24.43217475,5.606100333e-06,1169.4806
ape,0.1000000015,12,487.0950077,24.43215641,2.556264396e-06,1277.8588
ape,0.1000000015,13,487.0947836,24.43214867,1.18571277e-06,1396.7905
ape,0.1000000015,14,487.0946909,24.4321454,5.612673513e-07,1517.9384
ape,0.1000000015,15,487.0946548,24.43214405,2.755398986e-07,1644.2689
ape,0.1000000015,16,487.094638,24.43214342,1.487977553e-07,1762.8343
ape,0.1000000015,17,487.0946301,24.43214312,9.866656562e-08,1881.3328
ape,0.1000000015,18,487.0946283,24.43214298,8.268125906e-08,1999.7713
ape,0.1000000015,19,487.0946263,24.432143,7.819118244e-08,2115.8423
ape,0.1000000015,20,487.0946267,24.43214297,7.787398327e-08,2236.4656
ape,0.1000000015,21,487.0946253,24.43214293,7.637012984e-08,2355.0707
ape,0.1000000015,22,487.0946259,24.43214292,7.615448255e-08,2467.0967
ape,0.1000000015,23,487.0946243,24.43214286,7.714003047e-08,2598.4316
ape,0.1000000015,24,487.0946252,24.43214292,7.663707757e-08,2723.9224
ape,0.1000000015,25,487.094626,24.43214289,7.663074297e-08,2842.6577
