image,method,iterations,lambda,psnr,fidelity,tv,time_ms
cameraman,GD,200,0.009999999776,21.87670118,9.220916762,7386.25166,1239.4454
cameraman,GD,200,0.0138949547,22.45579295,17.04388714,6729.439692,1364.2628
cameraman,GD,200,0.01930697821,23.25405452,30.82313474,5894.51099,1549.6954
cameraman,GD,200,0.02682695724,24.33272881,54.3485637,4866.110351,1209.7524
cameraman,GD,200,0.03727593645,25.64472714,90.16679885,3733.786605,976.3687
cameraman,GD,200,0.05179474503,26.87183681,136.8901992,2654.973702,667.578
cameraman,GD,200,0.07196857035,27.38743282,185.0390463,1830.701523,720.13
cameraman,GD,200,0.1000000015,26.94623976,222.6233079,1346.633776,788.9542
cameraman,GD,200,0.1389495432,26.51623,240.7075152,1163.139687,848.2555
cameraman,GD,200,0.1930697709,25.79404233,258.670486,1020.384127,861.1446
cameraman,GD,200,0.2682695687,25.40863406,269.2660338,943.7200481,836.5447
cameraman,GD,200,0.372759372,24.86428934,281.9589694,874.056421,998.7703
cameraman,GD,200,0.517947495,24.07856959,300.4069728,795.5293456,1201.2042
cameraman,GD,200,0.7196856737,24.16604071,300.2068167,784.7697547,853.1505
cameraman,GD,200,1,23.70159061,311.7128123,751.7430421,910.3555
cameraman,Newton,20,0.009999999776,21.87039267,9.045124643,7406.205352,2617.2965
cameraman,Newton,20,0.0138949547,22.44622619,16.69330182,6758.310876,2295.6064
cameraman,Newton,20,0.01930697821,23.24025156,30.13843564,5935.786798,2039.8694
cameraman,Newton,20,0.02682695724,24.30203221,52.54556616,4943.45864,2006.4136
cameraman,Newton,20,0.03727593645,25.60246741,86.65640433,3845.246809,2067.0308
cameraman,Newton,20,0.05179474503,26.83372152,131.3958966,2789.744417,1925.779
cameraman,Newton,20,0.07196857035,27.30961143,178.1605459,1969.72465,2373.6127
cameraman,Newton,20,0.1000000015,26.76492256,216.7367002,1459.62798,2137.7534
cameraman,Newton,20,0.1389495432,25.69395696,248.6465533,1145.927427,2252.0816
cameraman,Newton,20,0.1930697709,24.4924975,279.9188704,923.5427999,2410.8782
cameraman,Newton,20,0.2682695687,23.32389413,312.9927818,755.4002791,2619.7384
cameraman,Newton,20,0.372759372,22.20739353,350.0790809,621.7921472,2359.6967
cameraman,Newton,20,0.517947495,21.12461251,393.8422563,511.0698903,1804.0926
cameraman,Newton,20,0.7196856737,20.06199632,447.2089225,415.9670028,2103.9637
cameraman,Newton,20,1,19.16707031,502.452995,343.8615929,2416.6288
barbara,GD,200,0.009999999776,21.49309988,9.163705233,7874.043229,1155.9602
barbara,GD,200,0.0138949547,22.0381671,17.01062288,7215.834945,1065.6938
barbara,GD,200,0.01930697821,22.77830508,30.89887137,6375.635766,1276.9572
barbara,GD,200,0.02682695724,23.74444434,54.69817934,5336.047356,1172.5887
barbara,GD,200,0.03727593645,24.86211655,92.6753546,4138.624751,849.893
barbara,GD,200,0.05179474503,25.75080173,146.4717084,2914.69763,662.6016
barbara,GD,200,0.07196857035,25.80425039,201.2497245,1998.395486,663.8663
barbara,GD,200,0.1000000015,25.16580752,250.9196425,1375.626131,722.061
barbara,GD,200,0.1389495432,24.57337426,282.9971224,1064.480091,652.8941
barbara,GD,200,0.1930697709,23.95820084,311.634192,848.6247675,703.0937
barbara,GD,200,0.2682695687,23.68512356,325.4165602,770.2297084,720.0544
barbara,GD,200,0.372759372,23.44625706,336.7434746,713.3980623,659.2882
barbara,GD,200,0.517947495,23.14861895,349.8983936,660.2448222,677.713
barbara,GD,200,0.7196856737,22.94279893,358.795177,620.7408437,758.2774
barbara,GD,200,1,22.69059662,369.6788243,586.5142248,850.9758
barbara,Newton,20,0.009999999776,21.48830071,9.023539662,7889.393638,2346.6261
barbara,Newton,20,0.0138949547,22.03070019,16.71397468,7239.481034,2316.7604
barbara,Newton,20,0.01930697821,22.76877554,30.35680835,6407.50049,2496.8697
barbara,Newton,20,0.02682695724,23.73062686,53.47397096,5388.480173,2338.1374
barbara,Newton,20,0.03727593645,24.84152174,89.72130514,4230.128762,2278.1872
barbara,Newton,20,0.05179474503,25.73770995,139.7399444,3065.291538,2267.5315
barbara,Newton,20,0.07196857035,25.82940976,196.7877392,2090.038549,2192.5655
barbara,Newton,20,0.1000000015,25.14693066,249.5754874,1423.528526,2547.7018
barbara,Newton,20,0.1389495432,24.33292663,290.9946016,1034.809471,2216.2388
barbara,Newton,20,0.1930697709,23.6220455,322.8840532,813.3629455,2097.0239
barbara,Newton,20,0.2682695687,22.93687887,351.6590888,667.0670063,2130.1062
barbara,Newton,20,0.372759372,22.23100376,381.3316742,556.7292068,2062.8771
barbara,Newton,20,0.517947495,21.49877523,414.0381438,467.5277047,1954.6451
barbara,Newton,20,0.7196856737,20.75175288,451.0497099,392.9739722,2293.929
barbara,Newton,20,1,20.0115533,492.8586252,329.7358685,2384.7463
ape,GD,200,0.009999999776,21.32565554,9.335979458,8592.581932,1074.1814
ape,GD,200,0.0138949547,21.8060338,17.38912796,7917.232891,1173.5339
ape,GD,200,0.01930697821,22.43951523,31.83761373,7043.999608,1183.0938
ape,GD,200,0.02682695724,23.21981432,56.855913,5953.38673,1036.004
ape,GD,200,0.03727593645,24.02137403,97.11210872,4684.544722,930.6004
ape,GD,200,0.05179474503,24.48985513,153.9384576,3378.592726,816.9742
ape,GD,200,0.07196857035,24.26636419,224.9387397,2184.091752,553.9404
ape,GD,200,0.1000000015,23.568517,287.3748545,1404.286674,562.9905
ape,GD,200,0.1389495432,22.95163826,329.935124,994.0032211,658.7849
ape,GD,200,0.1930697709,22.4632489,360.2142213,765.6530683,715.4148
ape,GD,200,0.2682695687,22.04793702,384.259164,620.1896382,625.1744
ape,GD,200,0.372759372,21.84829944,396.342913,563.3635261,657.2826
ape,GD,200,0.517947495,21.54378735,413.2576327,494.225111,703.84
ape,GD,200,0.7196856737,21.42496579,420.5758227,465.9205562,753.6024
ape,GD,200,1,21.26209786,429.938567,440.3182004,795.0063
ape,Newton,20,0.009999999776,21.3222865,9.211291401,8606.202395,2285.5751
ape,Newton,20,0.0138949547,21.80108561,17.12669904,7938.084149,2327.7122
ape,Newton,20,0.01930697821,22.43289529,31.2975123,7075.388614,1846.2315
ape,Newton,20,0.02682695724,23.21303779,55.69058586,6002.842069,2037.0205
ape,Newton,20,0.03727593645,24.02493361,94.99756383,4751.612683,2104.8073
ape,Newton,20,0.05179474503,24.5247201,151.6473896,3440.205445,2521.1228
ape,Newton,20,0.07196857035,24.31797581,220.2336804,2277.110228,2142.7271
ape,Newton,20,0.1000000015,23.56974059,286.2432115,1448.821708,1997.0918
ape,Newton,20,0.1389495432,22.78704026,337.6477308,967.1973804,2109.5524
ape,Newton,20,0.1930697709,22.13926153,375.664329,701.5190943,2216.9872
ape,Newton,20,0.2682695687,21.59250151,406.325755,542.0455568,1724.4215
ape,Newton,20,0.372759372,21.11541877,432.8933524,437.9511094,2434.8001
ape,Newton,20,0.517947495,20.68170525,457.5258696,364.4839993,2169.7061
ape,Newton,20,0.7196856737,20.24756235,483.0626787,306.6762822,1847.0273
ape,Newton,20,1,19.79142693,511.4532293,257.4467699,2252.2313
