image,sigma,noisy_psnr,method,iterations,lambda,psnr,time_ms
cameraman,0.05000000075,26.26439229,GD,200,0.009999999776,28.84997886,1290.189
cameraman,0.05000000075,26.26439229,GD,200,0.01584893279,30.1067651,1119.5321
cameraman,0.05000000075,26.26439229,GD,200,0.02511886507,31.22109966,879.9305
cameraman,0.05000000075,26.26439229,GD,200,0.03981071711,30.97443334,642.6026
cameraman,0.05000000075,26.26439229,GD,200,0.06309573352,29.77394036,698.0231
cameraman,0.05000000075,26.26439229,GD,200,0.1000000015,28.38328053,719.8366
cameraman,0.05000000075,26.26439229,GD,200,0.1584893167,27.52643846,769.7831
cameraman,0.05000000075,26.26439229,GD,200,0.2511886358,26.26011848,683.4146
cameraman,0.05000000075,26.26439229,GD,200,0.3981071711,25.91127931,798.518
cameraman,0.05000000075,26.26439229,GD,200,0.630957365,25.19745169,816.1724
cameraman,0.05000000075,26.26439229,GD,200,1,25.00111447,838.3706
cameraman,0.05000000075,26.26439229,Newton,15,0.009999999776,28.80404764,1779.3719
cameraman,0.05000000075,26.26439229,Newton,15,0.01584893279,30.0177719,1715.8568
cameraman,0.05000000075,26.26439229,Newton,15,0.02511886507,31.09363294,1631.5789
cameraman,0.05000000075,26.26439229,Newton,15,0.03981071711,30.94247258,1704.8574
cameraman,0.05000000075,26.26439229,Newton,15,0.06309573352,29.50862105,1688.0082
cameraman,0.05000000075,26.26439229,Newton,15,0.1000000015,27.61838422,1734.3939
cameraman,0.05000000075,26.26439229,Newton,15,0.1584893167,25.65881816,1736.3267
cameraman,0.05000000075,26.26439229,Newton,15,0.2511886358,23.87019725,1709.4809
cameraman,0.05000000075,26.26439229,Newton,15,0.3981071711,22.23316058,1789.5075
cameraman,0.05000000075,26.26439229,Newton,15,0.630957365,20.6715147,1770.3496
cameraman,0.05000000075,26.26439229,Newton,15,1,19.31991726,1662.7856
cameraman,0.1000000015,20.41011896,GD,200,0.009999999776,21.87670118,1202.1697
cameraman,0.1000000015,20.41011896,GD,200,0.01584893279,22.74643612,1299.1888
cameraman,0.1000000015,20.41011896,GD,200,0.02511886507,24.08147673,1311.8105
cameraman,0.1000000015,20.41011896,GD,200,0.03981071711,25.91112243,908.5235
cameraman,0.1000000015,20.41011896,GD,200,0.06309573352,27.30627469,652.4879
cameraman,0.1000000015,20.41011896,GD,200,0.1000000015,26.94623976,750.1669
cameraman,0.1000000015,20.41011896,GD,200,0.1584893167,26.29836051,797.7579
cameraman,0.1000000015,20.41011896,GD,200,0.2511886358,25.09990838,759.5786
cameraman,0.1000000015,20.41011896,GD,200,0.3981071711,24.75377332,829.3089
cameraman,0.1000000015,20.41011896,GD,200,0.630957365,24.25196368,838.5528
cameraman,0.1000000015,20.41011896,GD,200,1,23.70159061,881.8661
cameraman,0.1000000015,20.41011896,Newton,15,0.009999999776,21.87039253,2067.2577
cameraman,0.1000000015,20.41011896,Newton,15,0.01584893279,22.73435656,1934.4533
cameraman,0.1000000015,20.41011896,Newton,15,0.02511886507,24.06725029,1564.0215
cameraman,0.1000000015,20.41011896,Newton,15,0.03981071711,25.8707322,1580.6472
cameraman,0.1000000015,20.41011896,Newton,15,0.06309573352,27.24681017,1751.1112
cameraman,0.1000000015,20.41011896,Newton,15,0.1000000015,26.76626782,1697.8876
cameraman,0.1000000015,20.41011896,Newton,15,0.1584893167,25.21956104,1495.7008
cameraman,0.1000000015,20.41011896,Newton,15,0.2511886358,23.55691002,1725.258
cameraman,0.1000000015,20.41011896,Newton,15,0.3981071711,21.99295447,1658.7233
cameraman,0.1000000015,20.41011896,Newton,15,0.630957365,20.48163556,1647.2425
cameraman,0.1000000015,20.41011896,Newton,15,1,19.16864496,1544.1647
cameraman,0.150000006,17.07062497,GD,200,0.009999999776,18.09355556,1261.8031
cameraman,0.150000006,17.07062497,GD,200,0.01584893279,18.70754809,1188.8316
cameraman,0.150000006,17.07062497,GD,200,0.02511886507,19.69440889,1356.3718
cameraman,0.150000006,17.07062497,GD,200,0.03981071711,21.24254658,953.5919
cameraman,0.150000006,17.07062497,GD,200,0.06309573352,23.34910774,675.751
cameraman,0.150000006,17.07062497,GD,200,0.1000000015,24.95157385,762.2467
cameraman,0.150000006,17.07062497,GD,200,0.1584893167,24.71039142,761.3436
cameraman,0.150000006,17.07062497,GD,200,0.2511886358,24.28431512,823.3384
cameraman,0.150000006,17.07062497,GD,200,0.3981071711,23.79506663,797.3407
cameraman,0.150000006,17.07062497,GD,200,0.630957365,23.11057214,885.8979
cameraman,0.150000006,17.07062497,GD,200,1,23.05133207,984.3739
cameraman,0.150000006,17.07062497,Newton,15,0.009999999776,18.09162815,1559.6251
cameraman,0.150000006,17.07062497,Newton,15,0.01584893279,18.70384897,1686.9419
cameraman,0.150000006,17.07062497,Newton,15,0.02511886507,19.68758041,1743.5751
cameraman,0.150000006,17.07062497,Newton,15,0.03981071711,21.23504657,1784.1369
cameraman,0.150000006,17.07062497,Newton,15,0.06309573352,23.38142438,1674.4497
cameraman,0.150000006,17.07062497,Newton,15,0.1000000015,24.99059558,1747.994
cameraman,0.150000006,17.07062497,Newton,15,0.1584893167,24.48314663,1576.2785
cameraman,0.150000006,17.07062497,Newton,15,0.2511886358,23.07714731,2803.1636
cameraman,0.150000006,17.07062497,Newton,15,0.3981071711,21.63299032,5735.7412
cameraman,0.150000006,17.07062497,Newton,15,0.630957365,20.19946746,3234.8358
cameraman,0.150000006,17.07062497,Newton,15,1,18.94656342,3274.7639
cameraman,0.200000003,14.83115463,GD,200,0.009999999776,15.62964738,2676.7839
cameraman,0.200000003,14.83115463,GD,200,0.01584893279,16.10856374,2850.7069
cameraman,0.200000003,14.83115463,GD,200,0.02511886507,16.88293356,2446.2099
cameraman,0.200000003,14.83115463,GD,200,0.03981071711,18.12848541,2284.3183
cameraman,0.200000003,14.83115463,GD,200,0.06309573352,20.0757315,1521.1796
cameraman,0.200000003,14.83115463,GD,200,0.1000000015,22.25819386,1565.4871
cameraman,0.200000003,14.83115463,GD,200,0.1584893167,23.41062708,4125.6019
cameraman,0.200000003,14.83115463,GD,200,0.2511886358,23.25414252,2598.1401
cameraman,0.200000003,14.83115463,GD,200,0.3981071711,22.53818682,8651.1092
cameraman,0.200000003,14.83115463,GD,200,0.630957365,22.39201551,3200.4197
cameraman,0.200000003,14.83115463,GD,200,1,22.08764454,1762.1306
cameraman,0.200000003,14.83115463,Newton,15,0.009999999776,15.62876287,4121.1823
cameraman,0.200000003,14.83115463,Newton,15,0.01584893279,16.10706974,4142.6904
cameraman,0.200000003,14.83115463,Newton,15,0.02511886507,16.87986794,5078.2615
cameraman,0.200000003,14.83115463,Newton,15,0.03981071711,18.12696475,4926.6987
cameraman,0.200000003,14.83115463,Newton,15,0.06309573352,20.06380964,3711.9259
cameraman,0.200000003,14.83115463,Newton,15,0.1000000015,22.44947165,3292.9925
cameraman,0.200000003,14.83115463,Newton,15,0.1584893167,23.39338059,4874.4478
cameraman,0.200000003,14.83115463,Newton,15,0.2511886358,22.45447779,4143.9386
cameraman,0.200000003,14.83115463,Newton,15,0.3981071711,21.16332794,3804.5253
cameraman,0.200000003,14.83115463,Newton,15,0.630957365,19.82925811,5305.894
cameraman,0.200000003,14.83115463,Newton,15,1,18.65561338,5732.101
barbara,0.05000000075,26.04514391,GD,200,0.009999999776,28.22615362,5440.1951
barbara,0.05000000075,26.04514391,GD,200,0.01584893279,29.10522877,6016.1283
barbara,0.05000000075,26.04514391,GD,200,0.02511886507,29.56556972,2892.3062
barbara,0.05000000075,26.04514391,GD,200,0.03981071711,28.71015892,1429.184
barbara,0.05000000075,26.04514391,GD,200,0.06309573352,26.95816229,1327.526
barbara,0.05000000075,26.04514391,GD,200,0.1000000015,25.54100733,1449.7156
barbara,0.05000000075,26.04514391,GD,200,0.1584893167,24.46679913,1485.6582
barbara,0.05000000075,26.04514391,GD,200,0.2511886358,23.80903508,1633.9624
barbara,0.05000000075,26.04514391,GD,200,0.3981071711,23.39796679,1549.6071
barbara,0.05000000075,26.04514391,GD,200,0.630957365,23.00889765,1636.4209
barbara,0.05000000075,26.04514391,GD,200,1,22.90721405,1698.5603
barbara,0.05000000075,26.04514391,Newton,15,0.009999999776,28.20210171,4986.6525
barbara,0.05000000075,26.04514391,Newton,15,0.01584893279,29.07335753,3557.2816
barbara,0.05000000075,26.04514391,Newton,15,0.02511886507,29.57159399,3274.2502
barbara,0.05000000075,26.04514391,Newton,15,0.03981071711,28.82071542,3833.2826
barbara,0.05000000075,26.04514391,Newton,15,0.06309573352,27.03721986,3504.0375
barbara,0.05000000075,26.04514391,Newton,15,0.1000000015,25.27799977,3219.8151
barbara,0.05000000075,26.04514391,Newton,15,0.1584893167,24.06617148,4461.3918
barbara,0.05000000075,26.04514391,Newton,15,0.2511886358,23.07866227,3418.3347
barbara,0.05000000075,26.04514391,Newton,15,0.3981071711,22.08370297,3115.4672
barbara,0.05000000075,26.04514391,Newton,15,0.630957365,21.05341367,4511.3959
barbara,0.05000000075,26.04514391,Newton,15,1,20.01887338,3549.5183
barbara,0.1000000015,20.09411666,GD,200,0.009999999776,21.49309988,3635.3398
barbara,0.1000000015,20.09411666,GD,200,0.01584893279,22.30878642,2440.6889
barbara,0.1000000015,20.09411666,GD,200,0.02511886507,23.53406623,2291.7881
barbara,0.1000000015,20.09411666,GD,200,0.03981071711,25.07123459,1725.1304
barbara,0.1000000015,20.09411666,GD,200,0.06309573352,25.8861305,1328.9776
barbara,0.1000000015,20.09411666,GD,200,0.1000000015,25.16580752,1606.9418
barbara,0.1000000015,20.09411666,GD,200,0.1584893167,24.36483077,1466.2824
barbara,0.1000000015,20.09411666,GD,200,0.2511886358,23.69320713,1527.9147
barbara,0.1000000015,20.09411666,GD,200,0.3981071711,23.32845629,1602.5584
barbara,0.1000000015,20.09411666,GD,200,0.630957365,22.97000052,2052.709
barbara,0.1000000015,20.09411666,GD,200,1,22.69059662,1929.0932
barbara,0.1000000015,20.09411666,Newton,15,0.009999999776,21.48830062,2663.0703
barbara,0.1000000015,20.09411666,Newton,15,0.01584893279,22.30000379,4223.2332
barbara,0.1000000015,20.09411666,Newton,15,0.02511886507,23.52111351,4209.3278
barbara,0.1000000015,20.09411666,Newton,15,0.03981071711,25.05584744,2941.3153
barbara,0.1000000015,20.09411666,Newton,15,0.06309573352,25.91094952,3054.042
barbara,0.1000000015,20.09411666,Newton,15,0.1000000015,25.15334456,1321.618
barbara,0.1000000015,20.09411666,Newton,15,0.1584893167,24.04381952,1431.2275
barbara,0.1000000015,20.09411666,Newton,15,0.2511886358,23.07543634,1670.8147
barbara,0.1000000015,20.09411666,Newton,15,0.3981071711,22.08655744,1830.8188
barbara,0.1000000015,20.09411666,Newton,15,0.630957365,21.05085384,1815.9635
barbara,0.1000000015,20.09411666,Newton,15,1,20.01147553,1786.5685
barbara,0.150000006,16.7435357,GD,200,0.009999999776,17.74766904,1215.7694
barbara,0.150000006,16.7435357,GD,200,0.01584893279,18.35055263,1279.953
barbara,0.150000006,16.7435357,GD,200,0.02511886507,19.32004093,1174.003
barbara,0.150000006,16.7435357,GD,200,0.03981071711,20.83498247,1047.6042
barbara,0.150000006,16.7435357,GD,200,0.06309573352,22.9188847,668.8094
barbara,0.150000006,16.7435357,GD,200,0.1000000015,24.19942743,704.9657
barbara,0.150000006,16.7435357,GD,200,0.1584893167,23.97133201,716.1806
barbara,0.150000006,16.7435357,GD,200,0.2511886358,23.51850487,673.4029
barbara,0.150000006,16.7435357,GD,200,0.3981071711,23.24337538,684.5695
barbara,0.150000006,16.7435357,GD,200,0.630957365,22.8553509,782.0645
barbara,0.150000006,16.7435357,GD,200,1,22.64867429,806.6321
barbara,0.150000006,16.7435357,Newton,15,0.009999999776,17.74607933,1971.2759
barbara,0.150000006,16.7435357,Newton,15,0.01584893279,18.34778241,1823.0257
barbara,0.150000006,16.7435357,Newton,15,0.02511886507,19.31478659,1663.8257
barbara,0.150000006,16.7435357,Newton,15,0.03981071711,20.83048548,1643.4757
barbara,0.150000006,16.7435357,Newton,15,0.06309573352,22.88414193,1712.2876
barbara,0.150000006,16.7435357,Newton,15,0.1000000015,24.27173499,1793.4609
barbara,0.150000006,16.7435357,Newton,15,0.1584893167,23.87932948,1714.8796
barbara,0.150000006,16.7435357,Newton,15,0.2511886358,22.99517809,1725.6555
barbara,0.150000006,16.7435357,Newton,15,0.3981071711,22.02254161,1623.3937
barbara,0.150000006,16.7435357,Newton,15,0.630957365,20.98478998,1493.3239
barbara,0.150000006,16.7435357,Newton,15,1,19.94587652,1766.1654
barbara,0.200000003,14.51757593,GD,200,0.009999999776,15.31009656,1095.7424
barbara,0.200000003,14.51757593,GD,200,0.01584893279,15.78717002,1043.8264
barbara,0.200000003,14.51757593,GD,200,0.02511886507,16.5610298,1088.5879
barbara,0.200000003,14.51757593,GD,200,0.03981071711,17.81497412,1094.8421
barbara,0.200000003,14.51757593,GD,200,0.06309573352,19.79888556,810.8366
barbara,0.200000003,14.51757593,GD,200,0.1000000015,22.1393671,573.1749
barbara,0.200000003,14.51757593,GD,200,0.1584893167,23.30857483,742.5526
barbara,0.200000003,14.51757593,GD,200,0.2511886358,23.15592396,619.9157
barbara,0.200000003,14.51757593,GD,200,0.3981071711,22.79436709,730.4859
barbara,0.200000003,14.51757593,GD,200,0.630957365,22.4976327,841.9947
barbara,0.200000003,14.51757593,GD,200,1,22.1678016,828.6958
barbara,0.200000003,14.51757593,Newton,15,0.009999999776,15.30930879,1901.1036
barbara,0.200000003,14.51757593,Newton,15,0.01584893279,15.78584272,1887.155
barbara,0.200000003,14.51757593,Newton,15,0.02511886507,16.55901052,1751.8096
barbara,0.200000003,14.51757593,Newton,15,0.03981071711,17.8166777,1635.9548
barbara,0.200000003,14.51757593,Newton,15,0.06309573352,19.79805949,1580.1775
barbara,0.200000003,14.51757593,Newton,15,0.1000000015,22.28296251,1638.85
barbara,0.200000003,14.51757593,Newton,15,0.1584893167,23.36012754,1647.7319
barbara,0.200000003,14.51757593,Newton,15,0.2511886358,22.78138996,1717.823
barbara,0.200000003,14.51757593,Newton,15,0.3981071711,21.85060074,1681.9664
barbara,0.200000003,14.51757593,Newton,15,0.630957365,20.82167329,1555.9604
barbara,0.200000003,14.51757593,Newton,15,1,19.79593386,1537.824
ape,0.05000000075,26.04400923,GD,200,0.009999999776,27.72094783,1015.7039
ape,0.05000000075,26.04400923,GD,200,0.01584893279,28.17721975,1021.7909
ape,0.05000000075,26.04400923,GD,200,0.02511886507,28.04153654,822.4764
ape,0.05000000075,26.04400923,GD,200,0.03981071711,26.82853811,673.3489
ape,0.05000000075,26.04400923,GD,200,0.06309573352,25.00736192,641.2904
ape,0.05000000075,26.04400923,GD,200,0.1000000015,23.65724311,681.6063
ape,0.05000000075,26.04400923,GD,200,0.1584893167,22.77351046,703.0426
ape,0.05000000075,26.04400923,GD,200,0.2511886358,22.18302809,779.2329
ape,0.05000000075,26.04400923,GD,200,0.3981071711,21.83876187,807.1357
ape,0.05000000075,26.04400923,GD,200,0.630957365,21.46658394,752.0192
ape,0.05000000075,26.04400923,GD,200,1,21.36695711,879.9204
ape,0.05000000075,26.04400923,Newton,15,0.009999999776,27.71234306,1840.5071
ape,0.05000000075,26.04400923,Newton,15,0.01584893279,28.17826198,1508.0544
ape,0.05000000075,26.04400923,Newton,15,0.02511886507,28.08864689,1592.5008
ape,0.05000000075,26.04400923,Newton,15,0.03981071711,26.9234814,1509.1696
ape,0.05000000075,26.04400923,Newton,15,0.06309573352,25.11976826,1479.7281
ape,0.05000000075,26.04400923,Newton,15,0.1000000015,23.55160767,1490.8295
ape,0.05000000075,26.04400923,Newton,15,0.1584893167,22.48577172,1789.8643
ape,0.05000000075,26.04400923,Newton,15,0.2511886358,21.68463329,1752.3298
ape,0.05000000075,26.04400923,Newton,15,0.3981071711,21.0241281,1754.1568
ape,0.05000000075,26.04400923,Newton,15,0.630957365,20.42228758,1486.0952
ape,0.05000000075,26.04400923,Newton,15,1,19.79386477,1791.3541
ape,0.1000000015,20.0473124,GD,200,0.009999999776,21.32565554,1000.0845
ape,0.1000000015,20.0473124,GD,200,0.01584893279,22.03991636,1243.091
ape,0.1000000015,20.0473124,GD,200,0.02511886507,23.05111256,1328.9176
ape,0.1000000015,20.0473124,GD,200,0.03981071711,24.15857533,819.4949
ape,0.1000000015,20.0473124,GD,200,0.06309573352,24.44727819,437.2506
ape,0.1000000015,20.0473124,GD,200,0.1000000015,23.568517,578.2751
ape,0.1000000015,20.0473124,GD,200,0.1584893167,22.75072373,646.1668
ape,0.1000000015,20.0473124,GD,200,0.2511886358,22.1595574,761.234
ape,0.1000000015,20.0473124,GD,200,0.3981071711,21.77336381,641.1387
ape,0.1000000015,20.0473124,GD,200,0.630957365,21.4379598,691.73
ape,0.1000000015,20.0473124,GD,200,1,21.26209786,771.8674
ape,0.1000000015,20.0473124,Newton,15,0.009999999776,21.32228645,1871.1191
ape,0.1000000015,20.0473124,Newton,15,0.01584893279,22.03445985,1734.7505
ape,0.1000000015,20.0473124,Newton,15,0.02511886507,23.04806248,1665.0643
ape,0.1000000015,20.0473124,Newton,15,0.03981071711,24.16480096,1590.9125
ape,0.1000000015,20.0473124,Newton,15,0.06309573352,24.49321153,1557.6636
ape,0.1000000015,20.0473124,Newton,15,0.1000000015,23.57566673,1455.5772
ape,0.1000000015,20.0473124,Newton,15,0.1584893167,22.51615369,1636.3419
ape,0.1000000015,20.0473124,Newton,15,0.2511886358,21.69685587,1610.021
ape,0.1000000015,20.0473124,Newton,15,0.3981071711,21.02682227,1818.5897
ape,0.1000000015,20.0473124,Newton,15,0.630957365,20.42344815,1682.1823
ape,0.1000000015,20.0473124,Newton,15,1,19.79211167,1555.7468
ape,0.150000006,16.62777749,GD,200,0.009999999776,17.57852105,1407.4422
ape,0.150000006,16.62777749,GD,200,0.01584893279,18.14137686,1423.8712
ape,0.150000006,16.62777749,GD,200,0.02511886507,19.03059538,1194.6723
ape,0.150000006,16.62777749,GD,200,0.03981071711,20.37745269,1079.2087
ape,0.150000006,16.62777749,GD,200,0.06309573352,22.07788701,805.46
ape,0.150000006,16.62777749,GD,200,0.1000000015,22.94754026,643.6607
ape,0.150000006,16.62777749,GD,200,0.1584893167,22.52760679,698.5091
ape,0.150000006,16.62777749,GD,200,0.2511886358,22.09259143,731.7955
ape,0.150000006,16.62777749,GD,200,0.3981071711,21.67403493,803.6499
ape,0.150000006,16.62777749,GD,200,0.630957365,21.37350411,718.0492
ape,0.150000006,16.62777749,GD,200,1,21.24184787,682.3346
ape,0.150000006,16.62777749,Newton,15,0.009999999776,17.57721087,1739.027
ape,0.150000006,16.62777749,Newton,15,0.01584893279,18.13924886,1645.8718
ape,0.150000006,16.62777749,Newton,15,0.02511886507,19.02767508,1621.7104
ape,0.150000006,16.62777749,Newton,15,0.03981071711,20.3761207,1681.7519
ape,0.150000006,16.62777749,Newton,15,0.06309573352,22.07929903,1361.886
ape,0.150000006,16.62777749,Newton,15,0.1000000015,23.01308856,1691.8956
ape,0.150000006,16.62777749,Newton,15,0.1584893167,22.47701784,1548.6689
ape,0.150000006,16.62777749,Newton,15,0.2511886358,21.68339569,1631.6615
ape,0.150000006,16.62777749,Newton,15,0.3981071711,21.00531145,1644.3548
ape,0.150000006,16.62777749,Newton,15,0.630957365,20.39972087,1809.1263
ape,0.150000006,16.62777749,Newton,15,1,19.7654422,2090.0051
ape,0.200000003,14.34871883,GD,200,0.009999999776,15.10917169,1128.6746
ape,0.200000003,14.34871883,GD,200,0.01584893279,15.56434619,1331.4863
ape,0.200000003,14.34871883,GD,200,0.02511886507,16.29780094,1275.1383
ape,0.200000003,14.34871883,GD,200,0.03981071711,17.47451619,1176.3832
ape,0.200000003,14.34871883,GD,200,0.06309573352,19.26606471,1241.1935
ape,0.200000003,14.34871883,GD,200,0.1000000015,21.35268953,768.0495
ape,0.200000003,14.34871883,GD,200,0.1584893167,22.12232703,786.0607
ape,0.200000003,14.34871883,GD,200,0.2511886358,21.89221296,881.5423
ape,0.200000003,14.34871883,GD,200,0.3981071711,21.50535405,781.045
ape,0.200000003,14.34871883,GD,200,0.630957365,21.24261879,703.7794
ape,0.200000003,14.34871883,GD,200,1,21.03876084,738.909
ape,0.200000003,14.34871883,Newton,15,0.009999999776,15.10852261,1847.8659
ape,0.200000003,14.34871883,Newton,15,0.01584893279,15.5631825,1714.1734
ape,0.200000003,14.34871883,Newton,15,0.02511886507,16.2958375,1333.3656
ape,0.200000003,14.34871883,Newton,15,0.03981071711,17.47244731,1577.2386
ape,0.200000003,14.34871883,Newton,15,0.06309573352,19.27997549,1815.0062
ape,0.200000003,14.34871883,Newton,15,0.1000000015,21.42283697,1636.315
ape,0.200000003,14.34871883,Newton,15,0.1584893167,22.17875021,1559.2768
ape,0.200000003,14.34871883,Newton,15,0.2511886358,21.60446476,1584.4149
ape,0.200000003,14.34871883,Newton,15,0.3981071711,20.93455095,1708.9984
ape,0.200000003,14.34871883,Newton,15,0.630957365,20.32708353,1813.409
ape,0.200000003,14.34871883,Newton,15,1,19.69186755,1535.6645
